Price,Close,High,Low,Open,Volume
Ticker,RELIANCE.NS,RELIANCE.NS,RELIANCE.NS,RELIANCE.NS,RELIANCE.NS
Date,,,,,
2015-01-01,189.9998016357422,190.87715534273178,189.0903506676063,189.65743085018167,2963643
2015-01-02,189.49693298339844,191.74381271840838,189.22945580333513,190.04260071522322,7331366
2015-01-05,187.42127990722656,190.64180561024958,187.04679751673595,189.3792702851232,10103941
2015-01-06,178.9152374267578,186.81139240746566,178.03788369901343,186.16943288485805,18627980
2015-01-07,182.80984497070312,183.77279153113093,179.10786025660138,179.12925843418876,20720312
2015-01-08,180.18849182128906,184.65014028561507,179.78191217385094,184.05096276070768,19872227
2015-01-09,184.09373474121094,184.45751798649138,180.8197283871731,181.54728059323858,13392787
2015-01-12,181.95387268066406,184.24354889589054,180.0921885470929,184.13655801772492,10100113
2015-01-13,180.423828125,182.9488838223256,179.85676228725453,182.53160518732582,9948711
2015-01-14,178.66917419433594,181.24772588423613,177.86671400685174,180.39177025551925,11380041
2015-01-15,184.9390106201172,186.40482855783029,179.74980999523677,179.74980999523677,16927085
2015-01-16,186.10523986816406,187.2393717003376,182.32834774405396,184.02954549231427,19136963
2015-01-19,188.2344207763672,189.59323348253545,183.76207355968455,186.21223606415992,13339962
2015-01-20,193.24172973632812,193.77669838636558,188.06321434843136,188.63029454489703,13361320
2015-01-21,194.03347778320312,195.0285214787759,190.8878603857459,193.6590097248124,17084297
2015-01-22,189.1117706298828,194.12978549981565,188.20231962566118,193.69110862891478,23721627
2015-01-23,189.78582763671875,192.11828584647952,187.66735117666227,190.44918534529805,18080494
2015-01-27,190.2458953857422,191.88289856167683,188.41629435796523,191.06973937499922,17939876
2015-01-28,194.05487060546875,194.6861453126213,189.6146209037031,189.6146209037031,19298126
2015-01-29,198.88034057617188,199.97167624126786,194.06560760133866,194.10840395804846,36117653
2015-01-30,195.85238647460938,199.2761945456081,194.51495765255618,199.00870306739893,21746801
2015-02-02,194.31166076660156,196.8474157999274,193.80878939472262,196.0235575345849,19302710
2015-02-03,200.63499450683594,201.3304494012705,195.413683259693,195.413683259693,17092333
2015-02-04,198.75193786621094,201.96175010615312,198.13137645200834,200.95600722349823,14072894
2015-02-05,197.6605682373047,201.1271580029095,196.3552368185314,200.2926149635579,12365643
2015-02-06,194.70755004882812,199.00869747891824,193.23103312750717,197.74617659105456,9045844
2015-02-09,191.88291931152344,196.4408594587449,190.87717644873985,192.8458658213798,8839692
2015-02-10,188.7373046875,193.5520230294048,184.30775352810963,192.1611129679973,13651008
2015-02-11,192.7388458251953,193.60550041005428,188.9512548872894,189.59321436872443,9781008
2015-02-12,194.5470428466797,195.5741837758089,189.86071414308964,194.30096384372987,8709626
2015-02-13,196.3338623046875,197.040016389926,194.52565931328633,195.58489758339235,7393680
2015-02-16,193.18824768066406,197.76758592734356,192.58907018076474,196.59064338814545,12266698
2015-02-18,192.94215393066406,194.30098096364335,191.39074331319028,192.58906974126074,9835036
2015-02-19,193.02772521972656,194.21536671250524,189.92490432901656,194.07626429908387,9550637
2015-02-20,186.8328094482422,191.73313477228302,186.4476279819841,191.57263416205217,18717199
2015-02-23,182.199951171875,187.61384629636035,181.26910203852032,186.15872761812142,14104463
2015-02-24,180.06004333496094,183.34476267200654,179.10781041282075,182.79909501088395,19946218
2015-02-25,180.423828125,183.2805697700421,179.97445223226902,181.63286768635768,15274116
2015-02-26,180.17776489257812,181.88966164130656,179.02222065980368,181.05510429838532,21459750
2015-02-27,183.0773162841797,184.2435597785605,180.73415877596406,181.36541927892418,18659378
2015-03-02,184.9390106201172,187.34637688895236,183.07731213428505,185.95545256868127,14579511
2015-03-03,192.76025390625,193.969279324954,185.613063696691,185.95543448599022,20636925
2015-03-04,189.98912048339844,194.65406572197864,188.320019892744,193.8730037246968,14476047
2015-03-05,189.36854553222656,192.3215793319759,187.9134268069372,190.98415056690584,10716702
2015-03-09,186.0945281982422,190.82366771217244,184.91760000575078,189.40064622299883,14065391
2015-03-10,183.84768676757812,187.41058335865785,183.04522653200704,185.94476532755323,15234060
2015-03-11,183.16290283203125,186.08382507493755,182.40323906798355,184.23284012645408,11635873
2015-03-12,184.84271240234375,185.613075295397,183.08800485955376,183.6015896445869,11782380
2015-03-13,181.91107177734375,186.08383019735746,181.24771406482,185.95544114677145,12936157
2015-03-16,180.1991729736328,182.73492811785326,179.8139915415307,182.21065854911555,13839990
2015-03-17,183.35549926757812,184.00815792038017,179.96378837851435,182.00737132545729,19070082
2015-03-18,185.8805389404297,186.65090177732299,182.8954079453352,183.38758023432382,9269885
2015-03-19,183.20570373535156,187.6031429821561,182.76702686252392,187.35706396918957,13934612
2015-03-20,182.76705932617188,184.2756737879846,181.59011663640047,183.58020440664274,10405717
2015-03-23,180.1670684814453,184.88549441073982,179.34321021313397,183.28058850662916,13251683
2015-03-24,181.45098876953125,182.8098156821211,180.19916701223235,180.19916701223235,9238431
2015-03-25,180.79835510253906,181.78269981857528,179.96379762627,181.6757089330273,10264941
2015-03-26,177.46009826660156,181.72916216894646,176.3473647463417,179.98515400157314,20621346
2015-03-27,173.69395446777344,178.67987241131732,171.50056996544376,178.44447818654436,23326922
2015-03-30,173.49066162109375,174.97787776886372,170.43063661796947,174.74249782300674,17330588
2015-03-31,176.75396728515625,178.23048420828187,175.04205615338952,175.04205615338952,20235395
2015-04-01,178.90452575683594,179.5357861477442,173.99350218572226,176.5185580338501,14588531
2015-04-06,176.4650421142578,179.3217835982556,175.7695872847926,178.89380590147198,12334096
2015-04-07,178.2198028564453,178.91525789512409,176.76468396343517,176.76468396343517,21275454
2015-04-08,185.2920684814453,186.0624170072914,178.2304712861308,178.358860326356,24821205
2015-04-09,191.54052734375,192.37508476493576,183.77277529820066,185.20649592340592,27276420
2015-04-10,193.51991271972656,194.4721600924163,190.25660526974175,191.50842709752723,25323219
2015-04-13,197.40382385253906,197.88529715108666,192.3216136370358,194.04420985190706,20177342
2015-04-15,197.6498565673828,201.06295068269037,194.12975730838565,197.0827764446576,22231264
2015-04-16,198.65560913085938,200.7205899544087,196.65482282603247,197.83175090493256,20177302
2015-04-17,198.33465576171875,202.06873755641382,197.4252046905088,200.08934909007345,23958678
2015-04-20,189.51834106445312,200.6029102446017,187.98832866102612,200.57081298131627,37628162
2015-04-21,187.54962158203125,191.6261019234155,186.69368041440066,190.48125686373822,17707007
2015-04-22,188.25579833984375,189.75371330652916,185.5274455695446,188.71587334482172,14761313
2015-04-23,187.67803955078125,190.32078543125138,185.96612851288523,189.13315821919477,13337818
2015-04-24,188.0739288330078,189.26157047522764,185.88055861673672,187.66736348191137,12709854
2015-04-27,187.30357360839844,189.91422245658853,186.47971527801417,188.32001551936776,11042925
2015-04-28,185.14230346679688,188.73729701561393,183.71928191352632,187.1751873187558,14687371
2015-04-29,181.88967895507812,186.28713262752606,181.33331210166938,184.4575314648479,16387960
2015-04-30,184.5324249267578,185.29208873344288,181.45100191759124,181.88967880413526,34802149
2015-05-04,190.6524658203125,191.2837262118975,184.1365364063222,185.35626084324878,15078502
2015-05-05,190.90927124023438,192.97425238020904,189.40065696560288,191.24095725562034,17846755
2015-05-06,188.36279296875,191.89359158330777,186.59738651922365,190.44917202037573,22438208
2015-05-07,186.3299102783203,187.97761249745054,184.02953519601593,187.23936122445218,16735535
2015-05-08,192.78369140625,193.6612652260249,186.58653415905832,188.73170175009093,17104443
2015-05-11,194.13795471191406,194.89634124164493,191.41856237680594,193.46622481088792,14214007
2015-05-12,188.23333740234375,193.91045385282848,187.46411688590172,193.91045385282848,16650201
2015-05-13,191.7869415283203,192.55617645946668,185.7414588105762,189.24090567753933,16701434
2015-05-14,190.29180908203125,192.02528880195328,188.580011599853,191.9819387909339,12329713
2015-05-15,189.3708953857422,192.1877926328846,188.53667166955964,191.09354117897246,8331715
2015-05-18,193.18455505371094,193.71542999490362,188.99172496056983,189.57676933816288,9847540
2015-05-19,194.05128479003906,196.04477780292075,192.1119612107174,193.11954160387026,14513036
2015-05-20,196.9331817626953,197.3990533812929,194.51715257126492,195.10221141468998,8708891
2015-05-21,194.31130981445312,198.3524655180063,193.7370993195459,197.45322393762726,10759523
2015-05-22,195.84976196289062,196.22896247890162,194.36547602487633,194.36547602487633,8349048
2015-05-25,193.82376098632812,196.74899721981475,193.35788938775943,195.0155174676145,6617337
2015-05-26,191.6785888671875,194.14878732879998,191.26688671284074,193.9320951328168,9510249
2015-05-27,191.83026123046875,193.04369990739778,190.72517588260808,191.9819356409094,8078236
2015-05-28,189.7717742919922,193.76959430839705,188.94836995153776,191.9494434355898,26538868
2015-05-29,190.03179931640625,192.07946178668595,189.1867272140955,190.66017921748605,29277517
2015-06-01,195.5030517578125,196.07727667431817,190.24847213254222,190.68184205932695,19594976
2015-06-02,194.72299194335938,199.0891638182213,193.162868929824,196.26144718439295,20178960
2015-06-03,194.22463989257812,197.2798829353339,192.52367617228163,194.7988503909652,15546279
2015-06-04,197.7674102783203,198.52579681682707,193.40122372899853,195.9255916692109,15931395
2015-06-05,196.69482421875,198.68831721894924,195.97975877137046,197.16069580887057,13066337
2015-06-08,191.8627471923828,197.18234411818426,191.353540105954,196.48894651253653,10846953
2015-06-09,191.48358154296875,192.9895207266513,190.10763453551544,191.45106541832612,9153355
2015-06-10,196.27230834960938,197.1607160745957,191.7652808626073,191.98195861774076,13509379
2015-06-11,190.06430053710938,197.07402780771488,189.3058995312586,196.31562680186408,14676438
2015-06-12,192.81617736816406,193.43372337219535,190.30264334093474,190.46516610528792,21543824
2015-06-15,195.3947296142578,196.09896122972717,192.84869373291542,193.91044363539274,12858570
2015-06-16,195.87144470214844,196.09897081492593,193.5421009211202,194.7988608597588,13929305
2015-06-17,201.77606201171875,204.1920910592102,193.71541890528601,196.10978017945774,26232634
2015-06-18,212.12271118164062,212.7835927265047,202.0577412744451,202.06857516100897,49366799
2015-06-19,215.9580535888672,218.07071962847124,212.89197646651942,212.89197646651942,45710935
2015-06-22,214.8854522705078,218.56907518026225,213.75868460509787,216.02303935867965,19394187
2015-06-23,215.60049438476562,217.26895634278375,214.73375451317278,215.09128724148678,16007498
2015-06-24,214.71209716796875,218.0815373724735,213.7911878177322,215.60050485627713,18603004
2015-06-25,217.66983032226562,218.63407520017532,213.43366476327824,213.8670347104311,27175118
2015-06-26,216.83560180664062,219.73915579940316,215.68716640926314,216.6622451528934,20966796
2015-06-29,214.70123291015625,215.35129498570362,210.616742256533,214.0620191848528,20168946
2015-06-30,216.70555114746094,217.30142930631376,214.08367856982875,214.4953806776894,23184864
2015-07-01,217.908203125,218.94828527358297,216.90062263953092,216.90062263953092,14824266
2015-07-02,219.03492736816406,220.96341698207308,218.22235696898787,218.6340591117109,15931202
2015-07-03,218.24404907226562,219.6741656127278,217.34480748267924,218.7965917980968,13831096
2015-07-06,220.05335998535156,220.7792448905271,215.64383772501822,215.83886215863217,12237733
2015-07-07,217.38815307617188,220.28087329623258,216.68392147550537,219.06744899447003,11294999
2015-07-08,215.94720458984375,218.56907765168825,214.8746208129287,215.78468181507515,15190654
2015-07-09,213.95372009277344,216.9006243586044,213.03281070164255,215.8171921861465,16245867
2015-07-10,217.07395935058594,217.55066486199772,214.5712590317913,214.75543511811003,16110573
2015-07-13,218.20068359375,219.39245444623876,215.63298029138093,217.07393052167873,9860248
2015-07-14,216.20721435546875,219.17578622860862,215.6438377578284,218.61240963096824,9942927
2015-07-15,219.09994506835938,219.8041621865967,216.58641096641105,216.6297465143353,13532911
2015-07-16,221.81932067871094,222.70772833070598,219.09994275286152,219.2841188295931,14854295
2015-07-17,221.38595581054688,223.4336183331038,220.5842336995889,222.15519072462945,10195142
2015-07-20,222.0468292236328,223.17358229766833,220.56254344678067,222.70771073474583,6348354
2015-07-21,218.3740692138672,222.84859519882534,217.27981758207602,222.75109020550198,7923338
2015-07-22,227.6047821044922,228.37400251034651,217.680652782599,217.7673238745862,17309440
2015-07-23,226.4997100830078,231.38592336156816,225.61130240891728,228.27651096672008,18642915
2015-07-24,222.11184692382812,227.44226383091117,221.25594094462815,227.0847455694087,13099664
2015-07-27,217.84315490722656,223.16275213635112,217.06310063697762,222.07933458827517,20118553
2015-07-28,218.90493774414062,220.30253811049852,216.70558633810427,218.4824016823122,13382878
2015-07-29,215.81716918945312,219.43580304164527,214.9721115673716,218.7424053680006,14790821
2015-07-30,216.7164306640625,218.41740888042105,215.0154669121734,216.70559677642885,11701228
2015-07-31,217.0847930908203,218.39573686243116,214.51708944918366,216.68392479169393,16634259
2015-08-03,217.2147979736328,219.68499660837472,216.55391638172432,216.90061524091573,9887787
2015-08-04,214.083740234375,217.90821858113205,212.35027468527267,217.4206791353735,12006872
2015-08-05,214.02957153320312,216.85730322128947,213.2386687429892,214.137910418309,14345010
2015-08-06,212.12271118164062,214.9504423616188,211.8085284712884,214.73375016587337,8708037
2015-08-07,213.29281616210938,215.38381414482865,211.73267862559467,212.13354689638058,8608888
2015-08-10,209.945068359375,214.25707146637154,208.99165729367922,213.32534264098098,9288894
2015-08-11,209.3166961669922,210.97432447335007,207.58321617792456,210.40011392792428,8762464
2015-08-12,204.311279296875,209.3166799577667,203.80207212080109,208.79663889421184,9650325
2015-08-13,202.24195861816406,206.7056506543639,201.38605253722986,205.19969682896408,9340350
2015-08-14,209.52252197265625,210.61677352752332,202.4477910074001,203.73706699967414,12739366
2015-08-17,206.0013885498047,209.3166590389366,204.993808185834,209.3166590389366,10857430
2015-08-18,204.57130432128906,207.14984201188875,204.15961657341734,207.14984201188875,6630334
2015-08-19,206.8464813232422,208.2332478499668,203.56371216469807,204.54962485456264,8877298
2015-08-20,198.54745483398438,208.00571234605115,197.9949121712965,208.00571234605115,19008087
2015-08-21,196.73817443847656,197.59408047605146,194.36548076434084,197.18237828844065,20050521
2015-08-24,179.7501220703125,190.68183120316894,177.24742209558053,190.68183120316894,35635706
2015-08-25,183.7804718017578,186.48903049306983,178.37421723569062,182.19868081612418,49504268
2015-08-26,184.91806030273438,189.5550940551504,182.01449183987322,183.70462158202437,18955515
2015-08-27,188.33082580566406,190.952698806604,185.70895280472413,187.82161864741838,26997546
2015-08-28,189.03506469726562,191.33190670939808,187.66995147632863,189.59844131277868,10770215
2015-08-31,185.45977783203125,189.13256689851062,185.00474009842287,189.13256689851062,20708942
2015-09-01,181.9820098876953,185.0264192093235,180.9527615964536,185.0264192093235,21645696
2015-09-02,184.08383178710938,185.71979218121754,182.5778780420635,184.18133677390608,19652369
2015-09-03,185.0155487060547,186.51066835091865,182.96788641683526,185.05888424957536,11659978
2015-09-04,181.12606811523438,184.11630740753597,178.7858764407692,184.11630740753597,16199949
2015-09-07,180.5410614013672,182.88125356306017,179.34930477646557,181.63531303296287,10234633
2015-09-08,183.8779754638672,184.82055260877092,178.78590367545448,181.14776348148376,12900468
2015-09-09,189.392578125,190.4001585674475,184.2896725893102,186.5648612324831,17340694
2015-09-10,187.86497497558594,188.62337608552485,185.37310834424005,186.5648794506483,11074406
2015-09-11,186.5540008544922,189.83675500949116,185.52475278371426,188.94834745286033,10634833
2015-09-14,187.18238830566406,187.58325655747512,184.59301719481002,186.7273506231309,7964072
2015-09-15,187.86497497558594,188.5150372025251,185.39477612084002,186.7815572166478,11509788
2015-09-16,189.0675811767578,190.10766338913294,187.47495619308776,188.97007618143584,13424811
2015-09-18,194.01878356933594,194.90717674620063,190.06429919475207,190.34598024990214,34261453
2015-09-21,190.2701416015625,192.45864456364038,189.8259377842606,190.68184375890095,12732187
2015-09-22,183.72630310058594,191.74361140156037,182.9895842751388,190.68186148180067,15745524
2015-09-23,184.2571563720703,185.65477110929467,182.01448403225382,182.66453167989417,15221260
2015-09-24,181.44027709960938,183.7479528023893,180.87690053215917,183.7479528023893,29076982
2015-09-28,180.76856994628906,182.2095204382385,179.56597945390632,181.97117490314173,11624639
2015-09-29,182.17701721191406,184.23551376433852,179.00260128034913,179.84767346283888,15853471
2015-09-30,186.84652709960938,187.38823588210877,181.68945254727055,184.3980109242353,17292020
2015-10-01,187.3665771484375,189.37090407971954,186.0448140197395,189.37090407971954,8663393
2015-10-05,192.41529846191406,192.8486683687886,186.74901694329932,186.9548752429101,16015412
2015-10-06,194.59300231933594,195.12387725650683,191.92777928181454,194.07296126936302,12330294
2015-10-07,198.00575256347656,198.92666185303753,193.06537009567674,193.86709216821816,11515191
2015-10-08,192.65367126464844,198.24411595357785,192.03612525357676,198.24411595357785,10753149
2015-10-09,192.27447509765625,196.1964579170952,191.0068813865872,193.726259352649,9327873
2015-10-12,193.22787475585938,195.3622082328696,192.41530434755612,192.41530434755612,6212395
2015-10-13,193.6287384033203,194.21378271899326,191.31021444842793,191.7760860166331,6162561
2015-10-14,195.6547393798828,196.09894319037795,193.70458195408665,194.10545021862794,8002587
2015-10-15,195.8172607421875,197.39905166844528,195.0372063985044,196.68400064803,9048478
2015-10-16,198.22244262695312,198.22244262695312,195.81724750627296,195.99058968993714,15246935
2015-10-19,208.7749786376953,209.2083341525394,203.89958445100137,203.89958445100137,33505855
2015-10-20,207.301513671875,209.46834896995227,206.4997770900626,209.0999823406491,18091895
2015-10-21,206.9331512451172,211.22348637959888,206.49978128380675,207.0414901193275,14404450
2015-10-23,207.073974609375,210.84428283498337,203.93206073101337,208.8724576299984,12153422
2015-10-26,204.30044555664062,208.66661793036457,203.96458058001983,208.42827240561186,10938775
2015-10-27,203.58538818359375,205.4705425397982,203.11951653850335,203.42287986477263,11601798
2015-10-28,203.02200317382812,204.74464914016312,201.4943816465048,203.01116928635355,11958727
2015-10-29,203.89956665039062,204.76630653335124,202.58862293902442,202.81614902892414,13280382
2015-10-30,205.35133361816406,207.12813431785807,203.70453955063778,204.13789499119682,13366359
2015-11-02,207.97323608398438,208.3416027255819,204.80965412889088,205.63304404811734,7222044
2015-11-03,209.57669067382812,210.28092228034726,208.28742915054943,208.7207991089145,11373522
2015-11-04,206.1313934326172,211.26681465082518,205.02630810046563,209.7500271745764,10033187
2015-11-05,202.9461669921875,206.06641338752812,202.16611262558703,205.6330434218748,10767454
2015-11-06,206.36976623535156,206.8789733878841,203.22785222431574,203.56370272069833,8367190
2015-11-09,208.28741455078125,209.09997050934973,200.09675039429194,202.2744339208214,17031699
2015-11-10,199.94509887695312,207.9082378624526,198.54748395366104,207.36652900655542,11486238
2015-11-13,202.17691040039062,203.36866674471437,198.15742312911317,198.2765958706522,13682323
2015-11-16,202.44776916503906,204.11623103579066,200.37843903980746,200.64930065968883,15346549
2015-11-17,201.02850341796875,203.444532567793,200.69265291728763,203.26035648677433,8588142
2015-11-18,197.61573791503906,201.79773396818385,197.17153408830822,200.99599740979772,11249222
2015-11-19,202.54530334472656,203.40120940817698,198.75334137092136,199.1108741320855,12183206
2015-11-20,205.16714477539062,206.4564206150376,200.5517791153499,202.3827637246091,11304265
2015-11-23,206.66226196289062,207.5615034275395,205.02630178764704,205.8497060504887,10499517
2015-11-24,209.6850128173828,210.53008489199325,206.07722736726578,206.499763404571,14806176
2015-11-26,214.22454833984375,214.93961379970938,209.80420679653648,210.4000850367789,23805828
2015-11-27,212.14437866210938,215.058780930578,211.07179496482988,214.30037994321728,10891864
2015-11-30,209.55502319335938,213.3036639365756,208.51494107761053,212.02522183438018,29919205
2015-12-01,209.29501342773438,212.0902287367924,208.28743295707417,208.88331123654012,12981379
2015-12-02,211.9060516357422,212.28525216248792,208.99164911314452,209.37084963989025,7573628
2015-12-03,211.74351501464844,214.289550731529,211.07179956949327,211.2451417580576,11361395
2015-12-04,209.19749450683594,211.52685265735997,208.3199351489603,210.68178049773368,13443688
2015-12-07,206.2939453125,210.83347449574848,205.79557200760317,209.19749957472837,14483909
2015-12-08,203.87791442871094,206.62979423999667,202.83783227560627,205.61137986239547,7532164
2015-12-09,198.46080017089844,204.43044555665102,197.7999185911125,202.85948852847437,9174419
2015-12-10,205.92555236816406,206.6731049978237,199.3491952536844,199.890904040755,18592203
2015-12-11,206.48895263671875,207.79989644134054,204.31128335194933,206.22893933201533,18155513
2015-12-14,206.95481872558594,208.77496966760688,204.9829933598863,205.32969222133534,10563900
2015-12-15,211.4618377685547,211.90604159922327,206.6406134175519,207.36651277418173,15718833
2015-12-16,212.05772399902344,213.9862138120149,210.94180466909168,211.46184572819857,12097338
2015-12-17,218.78575134277344,219.9341867743403,211.9168788500212,212.36108268774072,19369032
2015-12-18,214.9287872314453,218.63407790552466,214.5170850533323,217.50732470766613,16016139
2015-12-21,214.9721221923828,216.46724201546115,213.2928262873884,214.0620467410362,12331769
2015-12-22,213.9320526123047,217.24730906758558,213.21698708820668,215.1238091998418,11579277
2015-12-23,217.50730895996094,218.1790243822691,214.51706952212285,214.90710389759477,12919467
2015-12-24,216.80308532714844,218.24403566657762,215.88219048364215,217.52898467250333,11901877
2015-12-28,218.93743896484375,219.66332386434127,216.6839181277839,216.81392477286366,12885935
2015-12-29,220.02085876464844,220.73590978408188,218.23320951936154,218.93744111606742,14913870
2015-12-30,217.65899658203125,220.15086293148974,217.1172877638419,219.9341851900015,8151610
2015-12-31,219.8474884033203,220.95258822188913,216.48889679493288,217.42063996469415,18483713
2016-01-01,220.01004028320312,220.7792607924818,218.46075091222082,218.80743532678252,5416562
2016-01-04,215.66549682617188,219.67415063535964,213.80201044918542,217.76732871141704,30170947
2016-01-05,217.79981994628906,218.85073583860782,216.03385309895305,216.7489040539703,14946239
2016-01-06,223.66116333007812,225.0046088392531,216.77060804018743,218.33073130996965,26759864
2016-01-07,219.55499267578125,222.75107626597082,218.42823945006,221.2451225143631,19739943
2016-01-08,222.26353454589844,223.81282383121436,220.3025430765852,221.0176085710197,21313199
2016-01-11,227.8647918701172,229.8582848129841,219.06743027298785,220.1400139487418,29016443
2016-01-12,226.5322265625,230.8550635282874,225.5896493910729,228.60155699871387,23373377
2016-01-13,233.33607482910156,236.13130442423247,226.9113918866168,228.18983392878874,71802356
2016-01-14,230.04249572753906,234.23534055317276,228.17902360283847,230.51920126280433,27823189
2016-01-15,232.5668487548828,236.07712947998945,230.89838672268309,231.79762829460677,28767318
2016-01-18,220.33505249023438,234.87454930310864,218.43907874282425,232.9352255402803,27254669
2016-01-19,226.13133239746094,227.47476326556642,219.73915126171534,222.9677507216408,21489315
2016-01-20,217.66983032226562,224.24618781009107,214.51708239892608,224.24618781009107,45114225
2016-01-21,213.26031494140625,222.26353574318838,211.63518843584404,220.48673481382508,31768619
2016-01-22,217.58316040039062,219.0674463300032,215.39465734314572,215.39465734314572,23682648
2016-01-25,217.539794921875,220.74671185664246,216.68388902777463,218.85072401264634,13099564
2016-01-27,216.5430908203125,218.8507667692877,216.02304974376474,218.43907903472584,17251028
2016-01-28,220.34588623046875,221.40765062140753,216.0555509736724,216.90062314554362,23074633
2016-01-29,224.35450744628906,225.3512538999465,220.58421381889255,220.79005765552003,19177163
2016-02-01,223.2494659423828,225.74133256553765,222.2202176283278,225.34046423528596,9918809
2016-02-02,216.93310546875,223.79114382847345,214.62541526566855,223.2494350258033,14771279
2016-02-03,212.65359497070312,215.38382128565348,211.26682850366376,214.08371145027684,15691478
2016-02-04,210.84426879882812,216.9005845354007,209.25164419262504,214.08368744024122,18203784
2016-02-05,210.37841796875,212.7835987114515,208.3199216058435,212.15521880860464,20998404
2016-02-08,208.2440948486328,213.39033601416665,207.57236490013193,210.42176407638163,12078110
2016-02-09,207.47486877441406,209.92339975651325,205.84974219975453,206.47812216097438,19603494
2016-02-10,208.5907745361328,210.83346150218782,205.55719934236797,206.21809538853444,16883350
2016-02-11,200.33511352539062,209.3058321222605,198.37412216414094,208.6341022142668,17114833
2016-02-12,196.434814453125,202.36112456290016,192.43699420019152,202.36112456290016,29319458
2016-02-15,205.14547729492188,206.14222374674068,198.9158192032881,198.9158192032881,19283523
2016-02-16,201.63523864746094,207.58320203914346,200.8660037002,206.08808215941897,13024856
2016-02-17,206.41311645507812,207.46403249578233,198.56915029245238,202.6211400267671,15442221
2016-02-18,203.7045440673828,209.90170057839455,202.81613646560348,208.6557602657591,14433087
2016-02-19,204.62547302246094,206.445624074882,203.10868530026673,203.6829102965322,10235503
2016-02-22,208.51492309570312,209.81503286050489,204.5712727200524,204.5712727200524,12770834
2016-02-23,205.77391052246094,209.5767065202165,204.27879056206444,208.6882987616178,18989787
2016-02-24,206.4239501953125,207.70237787785638,204.11625978383063,204.74465420182977,15186204
2016-02-25,204.57130432128906,207.26902924547963,203.86708713019627,206.75982204022083,24826958
2016-02-26,205.92555236816406,207.74570314998078,204.6146087140618,206.49976281459084,8349402
2016-02-29,209.45751953125,215.5138361788657,202.59946628479443,206.13141483861767,31032353
2016-03-01,212.63194274902344,213.44451326362557,209.02415685739308,209.03499074520192,16453192
2016-03-02,217.0089569091797,217.92986627345962,213.9212121921017,215.14547040567058,20105967
2016-03-03,219.4683074951172,220.58422676177284,216.14220300422977,218.85074702006418,15880459
2016-03-04,218.0706787109375,219.9341649743254,217.4422988539116,219.7174727882861,8987660
2016-03-08,222.5343780517578,223.37943566110044,218.30903214717299,218.30903214717299,13222993
2016-03-09,225.71963500976562,226.196340494976,220.71423464729082,221.0175979431405,11854901
2016-03-10,219.22994995117188,226.62971166682465,218.6340717075315,225.79547344704704,20706353
2016-03-11,219.82582092285156,223.08692202135626,218.98076330860337,219.9125064796047,15319044
2016-03-14,220.96343994140625,222.4043758939567,219.4899878621999,220.82258494079457,11880095
2016-03-15,221.12594604492188,222.71857086958101,219.95585728894147,221.88433261951093,10487788
2016-03-16,221.3968048095703,222.27437865470074,217.86487058227974,221.2342964917572,11064129
2016-03-17,222.62957763671875,227.20926193421207,221.7530789750696,225.03994164259063,16832997
2016-03-18,225.08377075195312,225.73018158313377,222.56384800707525,223.12261189536045,14030979
2016-03-21,227.29690551757812,228.21722763598328,224.1086603327633,225.24809979968094,12708074
2016-03-22,229.60867309570312,230.5728040834198,226.93535360520687,227.23117666128962,15333442
2016-03-23,225.5220184326172,229.40049801845998,224.0319765323896,229.40049801845998,16806372
2016-03-28,223.5937042236328,226.06980322445057,222.55286763668943,225.69728913083102,18070240
2016-03-29,227.06683349609375,228.3267875113211,223.5498976426835,224.33873472880438,15871250
2016-03-30,229.43336486816406,230.46324569087028,228.48017511967453,228.48017511967453,14453294
2016-03-31,229.02796936035156,231.39450978763205,226.28892945213528,228.1076618977725,30833349
2016-04-01,226.67239379882812,229.26900737044363,224.6016764616243,227.6913186672086,12381116
2016-04-04,226.8038787841797,228.37061172134196,224.66742610871532,227.88853892319,8632568
2016-04-05,225.02896118164062,228.41441166012706,223.9881246199325,225.99310667861815,10259495
2016-04-06,226.51902770996094,227.16543852512137,224.07579610066784,226.15746945215102,6990781
2016-04-07,227.2859649658203,229.64154975769242,223.9662491481989,226.77102453479034,8789163
2016-04-08,227.0887451171875,231.05487153542248,225.96026151232513,226.99012768256125,13411752
2016-04-11,227.9542694091797,229.09372348952124,226.35466890257615,227.23116754058466,10308361
2016-04-12,229.51004028320312,231.712242686377,227.46123464532332,227.95426328754723,11164859
2016-04-13,233.59669494628906,234.4403259570733,230.63853772971424,230.63853772971424,16038542
2016-04-18,233.31185913085938,233.7610643358609,231.2630533526454,233.54193235357084,19065716
2016-04-20,227.29690551757812,234.2869537176954,226.96821486748303,234.2869537176954,21687934
2016-04-21,228.14053344726562,230.51801515545162,226.7929178903452,228.1953127836454,11380697
2016-04-22,227.65847778320312,229.53197511028492,225.54393673059408,227.6694336513031,11705087
2016-04-25,222.8267822265625,228.86364076735003,221.81881315850842,228.86364076735003,61157544
2016-04-26,222.8377227783203,224.36063214326785,220.76700544684903,222.4980909080174,26429236
2016-04-27,223.37457275390625,224.80983517093364,222.62955919235577,223.0458967535128,14502641
2016-04-28,218.4004669189453,223.33073832885785,217.1404984306182,222.1912989954196,61949033
2016-04-29,215.33277893066406,218.80589157120033,214.48914781735994,217.68834912321512,23479680
2016-05-02,216.26402282714844,217.45824153721475,214.30286420299032,214.5219815342593,10620873
2016-05-03,213.82078552246094,218.01699931859733,213.15246305328282,216.49409002649816,17571826
2016-05-04,214.3247833251953,215.5518696772571,213.20725564254516,213.43732884830962,13546285
2016-05-05,213.7002716064453,215.49707756019455,212.74708198445174,214.74110815876938,21665684
2016-05-06,212.31980895996094,214.03992401484658,211.89251550624383,213.20726346942527,14748329
2016-05-09,215.42042541503906,216.0558804020642,213.16345804197547,213.6455308732115,15347096
2016-05-10,215.2998809814453,215.77099787902188,214.30286785254208,215.42039551569562,7248302
2016-05-11,213.73318481445312,214.90549201243488,212.54990712051423,212.94433301849386,12339923
2016-05-12,217.54591369628906,217.8526926229648,213.65647822397045,213.86463971281432,12786216
2016-05-13,214.3357696533203,217.05289817751307,213.64553531060585,216.70229575824285,14648291
2016-05-16,213.85365295410156,215.28891531499983,212.7909046730732,214.08372614537944,9327335
2016-05-17,212.36363220214844,215.4204069516321,211.7500890042506,214.79590788640263,12157600
2016-05-18,212.67041015625,213.09768898025803,211.25705939486033,211.65148524434775,8228838
2016-05-19,208.43035888671875,212.9662196095892,207.20327249048017,212.9223961402468,9134784
2016-05-20,204.70526123046875,209.1534750065956,204.08076216614526,208.60566701348233,18544619
2016-05-23,203.784912109375,206.12954054079154,202.83172252459943,205.39546827328658,18365734
2016-05-24,206.07476806640625,206.85264919591677,203.3576254779216,203.3576254779216,12283217
2016-05-25,208.43035888671875,208.78096126878384,206.22817104296016,208.1345504686578,9240115
2016-05-26,207.47715759277344,208.69330268111904,206.87457029562535,208.1674064510393,14190024
2016-05-27,213.5797576904297,214.06183046897164,207.89350177891004,207.9592369813486,13401594
2016-05-30,212.26502990722656,215.06980508750934,211.45426646808104,213.95227736233943,9633652
2016-05-31,209.88754272460938,213.20727307042165,209.59173429301813,212.33077438883083,23332727
2016-06-01,208.95623779296875,211.69529216335349,208.56182660164214,209.90942742665803,9042808
2016-06-02,209.53692626953125,209.73414650468828,207.09370939654212,209.15347092097073,10253825
2016-06-03,210.28196716308594,210.99411319495303,209.44929195850835,210.35865823742105,8643295
2016-06-06,209.21917724609375,211.01598308475076,208.72614866724035,210.5777338338451,8672842
2016-06-07,209.2740020751953,210.5668237504996,208.51801793049998,209.75607489327328,18954268
2016-06-08,209.0658416748047,209.9204140083773,207.98116685797325,209.9204140083773,12135516
2016-06-09,212.8018798828125,213.96323106566854,209.52597318461522,210.3586483500551,15643495
2016-06-10,214.0180206298828,215.70528277589165,212.17739096240973,213.42638914293337,16316760
2016-06-13,214.98216247558594,215.49710287910304,211.02697726112706,212.52797500136424,10214469
2016-06-14,213.91940307617188,215.92438524934602,212.39649367901382,214.94928383029816,10923848
2016-06-15,215.7490997314453,216.16542269416254,213.3716033603493,214.7411306723193,11129082
2016-06-16,213.93035888671875,215.54091521957722,211.90346498004826,214.9602396405732,9372207
2016-06-17,213.62359619140625,214.4453155343643,212.571803623723,214.08375726818355,10534878
2016-06-20,216.97618103027344,217.50207728233312,212.11164435555278,213.0209959589808,10758608
2016-06-21,216.29690551757812,217.84172669278004,214.67539327108142,217.83077082545222,13933068
2016-06-22,214.85069274902344,216.03395570592608,214.10566449665765,215.8367500888845,12788710
2016-06-23,214.8397216796875,215.17935355167174,212.54987237387576,214.73016301130548,9837526
2016-06-24,208.48513793945312,211.43235401267034,204.5299674454081,211.43235401267034,24985097
2016-06-27,209.4054412841797,210.00802856014474,206.08572601954,206.08572601954,9163399
2016-06-28,209.87655639648438,210.69827561963197,209.2630132593477,209.5697921415784,7604977
2016-06-29,211.87060546875,212.31981066075218,210.35865188127661,210.7969012058477,7523987
2016-06-30,212.36363220214844,214.19332055583646,211.90347114689354,212.9881312673779,12758283
2016-07-01,213.3058624267578,214.03992015284405,212.54987833905426,213.15248028671834,6610193
2016-07-04,216.209228515625,217.7211819808993,213.7550559001002,213.7550559001002,7803505
2016-07-05,217.6116485595703,219.7590571609281,214.80687326189064,216.07778318326805,11359882
2016-07-07,216.47219848632812,219.23315017798382,216.0887285041374,217.48016753091017,12029091
2016-07-08,214.39051818847656,216.7132204856403,213.9413130172721,216.2749858086854,7140617
2016-07-11,217.4801788330078,218.0170309850437,215.94631345185854,217.15148817014477,8266601
2016-07-12,219.86865234375,220.21924014876478,217.15150909091545,218.08278720264263,9767494
2016-07-13,221.0409393310547,222.78296620969223,220.03297022927867,220.2630434552522,14915296
2016-07-14,220.1973114013672,222.2132496337903,218.74013706735187,220.89851621188743,10758372
2016-07-15,221.796875,223.7251659660884,219.89051039369988,221.09568493384276,13992989
2016-07-18,220.49314880371094,227.61466828862524,219.5070913595026,225.25908336583242,32106850
2016-07-19,223.02401733398438,224.15250102015793,218.09373034048267,220.43835928629463,16649300
2016-07-20,224.16342163085938,225.3247727391712,222.7500709647109,223.49509914435163,12265316
2016-07-21,220.51502990722656,224.60168541038658,220.21920686412867,224.38255343804434,6711097
2016-07-22,222.37757873535156,223.02398950979676,220.24111155315876,220.43833178469038,6899519
2016-07-25,224.1086883544922,224.3278057304023,220.73417837417907,222.1913528059659,8241568
2016-07-26,224.39353942871094,226.74912434048747,222.45430678300997,224.1634661855581,10516399
2016-07-27,221.99412536621094,224.82081237449123,221.08475909083396,224.17440155171042,11030767
2016-07-28,224.89749145507812,225.80685768195997,221.98315766045846,222.39949523892582,15610838
2016-07-29,222.38856506347656,224.57979725298497,221.75309544156391,224.38257699443955,9629597
2016-08-01,221.20526123046875,223.57180166181095,220.23015980345846,223.06781714764807,7978251
2016-08-02,221.92837524414062,223.50606397170145,220.50406865434485,220.87658275910007,7710138
2016-08-03,217.7978973388672,222.2789639734849,217.26104522698256,222.2789639734849,11872282
2016-08-04,217.58970642089844,219.12357158287915,215.4861215847334,218.90445425716396,10187608
2016-08-05,222.6843719482422,223.28695933339728,218.47720149315316,218.68536299131176,12109001
2016-08-08,225.53297424316406,226.57381093677031,223.21025713749887,223.4841684592869,13556347
2016-08-09,225.85069274902344,226.68336794872005,223.72519590631683,225.03994391204938,13290768
2016-08-10,219.9234161376953,226.69433279854616,219.56185786201095,225.9712308745047,13471958
2016-08-11,222.21322631835938,224.13056153706498,219.0359371502519,219.55087752238865,14169454
2016-08-12,226.96823120117188,228.52402299687793,222.8487077340662,222.8487077340662,16365425
2016-08-16,224.5797882080078,228.94034067460092,222.5200265222684,227.06684337150415,13367575
2016-08-17,222.03793334960938,225.4343398697291,220.70127369907684,224.40445912127265,15486572
2016-08-18,223.07876586914062,224.30585220026362,222.62956070489236,222.62956070489236,7749690
2016-08-19,222.38856506347656,223.94434225839996,220.67939108361168,223.06784353166555,8177802
2016-08-22,221.72019958496094,223.44032921404937,220.7012746988442,221.75306718597597,6684236
2016-08-23,221.41343688964844,222.41045004887354,220.2192034955994,221.75306876922838,7320433
2016-08-24,223.61563110351562,223.93336588537835,221.53395778862702,221.68733993219632,8719596
2016-08-25,221.90646362304688,225.47817865267336,221.09570021122474,223.7690048931188,14960746
2016-08-26,225.23715209960938,225.87260706066425,222.3228034947576,223.04592002572252,9639663
2016-08-29,231.71224975585938,232.21623428045746,224.84271615613008,225.09471573209223,16193208
2016-08-30,233.6734161376953,234.1335625806446,230.73715583301112,232.70927052638626,18170724
2016-08-31,232.27101135253906,235.33874193954605,229.4223981100357,233.34471559525892,23295502
2016-09-01,225.5220184326172,235.06484256195037,224.75507843327753,230.73715776975035,42621045
2016-09-02,222.0489044189453,226.25607463645417,219.62758451940596,225.93833984566922,28124615
2016-09-06,223.48416137695312,224.60168910959345,222.4104571140378,223.48416137695312,11510431
2016-09-07,222.9911346435547,225.0508962477473,221.98316557651037,223.94432437296902,12927438
2016-09-08,226.44232177734375,227.00110027853464,223.5498995998095,224.17439867914888,12206479
2016-09-09,228.8855438232422,230.05785085989774,225.69729872692147,226.7929146937263,15269894
2016-09-12,229.31288146972656,231.39455513337586,225.51109245445684,225.7849891852903,33684893
2016-09-14,228.9293670654297,232.0518769559346,228.08575067057987,229.641527682277,18604842
2016-09-15,233.36663818359375,234.50607768266,229.422408780474,229.422408780474,31371009
2016-09-16,235.67837524414062,239.6883396913364,232.07379251404612,233.80487805536353,39324529
2016-09-19,237.17938232421875,238.40648339133926,234.68138597373326,235.02101787319174,16678060
2016-09-20,235.38258361816406,237.69433029082327,234.2540999520163,237.52999226973202,11531268
2016-09-21,234.9552764892578,237.727184087301,234.24313047856486,235.33874647685846,10943394
2016-09-22,238.61465454101562,240.11565236203208,236.4343782662475,237.31087697435294,18761415
2016-09-23,241.64952087402344,243.10669524097915,238.6256134570314,238.6256134570314,31085948
2016-09-26,242.61366271972656,247.51108204959635,241.09075316690135,241.78098748676916,38213411
2016-09-27,243.3367462158203,246.72221160461515,242.48217393863686,244.76105284756102,19374535
2016-09-28,238.98715209960938,242.78894048138756,238.0339623804813,242.767028746572,24820234
2016-09-29,234.99911499023438,243.39154402054953,233.8925430537248,239.94035779337466,21260295
2016-09-30,237.46424865722656,239.8417450815078,233.65148968422855,234.02400381284568,11199883
2016-10-03,238.99810791015625,242.7779845562196,235.831774466108,238.187344467522,18125170
2016-10-04,240.23614501953125,242.85467040972992,239.2829553211116,239.5130431590022,13113580
2016-10-05,238.71324157714844,242.46026526161546,237.92440449385236,241.9124572620879,10789932
2016-10-06,243.4025115966797,246.7879625744269,239.2829735805642,239.2829735805642,21111045
2016-10-07,243.008056640625,246.08672831846198,242.46024867856474,244.10367256474555,15280380
2016-10-10,240.23614501953125,245.85668040552162,239.7212046352273,244.10368314905867,11553662
2016-10-13,231.6465301513672,238.63656413514386,230.51803185819767,238.62560826707409,21938040
2016-10-14,236.13853454589844,237.09172424781565,232.63255464743412,232.92837768942866,15265659
2016-10-17,232.41343688964844,236.82878301333292,231.9970993090854,236.65347451095974,9826781
2016-10-18,236.89454650878906,237.25610479658076,232.72024359208348,233.58577183082488,11073137
2016-10-19,238.26405334472656,239.87462448294716,236.96027577142954,237.6285983604139,17073242
2016-10-20,238.30787658691406,240.5977114122487,237.54093660440458,239.71025688679038,10125508
2016-10-21,233.1913299560547,240.37858353052374,231.9204054950204,240.37858353052374,43608816
2016-10-24,232.99411010742188,235.33873879895182,232.41343452491034,234.4622401779821,10513017
2016-10-25,232.457275390625,233.4214210203844,231.00010107808697,233.36664168088976,7658966
2016-10-26,230.9672393798828,232.15051702520236,230.53994589357248,231.4054887343722,10945927
2016-10-27,229.794921875,230.93436136893033,228.63357064569894,230.32081815122373,12842476
2016-10-28,231.16444396972656,231.83276651068758,228.7212123947254,230.07978383884708,8127969
2016-11-01,230.2989044189453,231.38356456504383,229.51005269778642,230.36463962448744,10223897
2016-11-02,224.32774353027344,228.51301589564545,223.72515628627386,228.1076342352851,7039997
2016-11-03,224.37159729003906,226.73813774988278,223.63753955782738,224.3496855555649,7311872
2016-11-04,220.33975219726562,225.01803950253543,219.12360696122062,223.56086516928866,11535892
2016-11-07,219.37559509277344,222.75009004126457,218.91543403119258,222.19132617234345,9506040
2016-11-08,219.8905487060547,220.37262153157016,218.75109453744625,220.37262153157016,13432073
2016-11-09,220.131591796875,221.09573750918773,203.78496741756317,208.16744659831843,21640144
2016-11-10,221.40249633789062,225.4672403255488,220.65746807004297,223.19930254580945,9764091
2016-11-11,219.507080078125,222.95828095548265,218.04990572424833,218.65249310311103,14775330
2016-11-15,215.9243927001953,219.12359374312513,214.64251233314886,218.35666839823705,14487470
2016-11-16,216.17640686035156,218.42243311618637,214.89454094742365,218.02800720938998,16550762
2016-11-17,214.24810791015625,218.71821896735528,213.51403551681352,216.05586996950544,12628378
2016-11-18,216.3845672607422,217.52400679544624,215.17937789024649,215.83675922954495,18163751
2016-11-21,217.2610626220703,217.71025320633922,215.44233003986872,216.39551980260552,13232434
2016-11-22,219.44131469726562,220.8327390232457,217.65544991531314,218.61959543986137,17646355
2016-11-23,221.09571838378906,221.4244090477947,219.02500084340545,220.21921969799195,13107911
2016-11-24,216.35166931152344,220.33972175095985,215.22318580317526,220.33972175095985,18913793
2016-11-25,217.7431182861328,218.22519109586784,215.69432712891745,216.93236944293764,10454964
2016-11-28,216.1982879638672,219.25506271058478,215.63952410313317,217.58972699570444,8312777
2016-11-29,218.61959838867188,220.06581669500127,216.50505757709638,216.71321904726835,9885281
2016-11-30,216.9433135986328,219.11263381166225,216.1982853750246,219.11263381166225,27596098
2016-12-01,218.6305694580078,222.4104608030963,218.0279821119677,219.1235981279182,12627845
2016-12-02,217.97320556640625,220.21921696514627,217.32679474163294,218.22519052473288,12481430
2016-12-05,217.77597045898438,219.05783606720723,216.16539960801623,218.02795538319108,3987213
2016-12-06,220.2630157470703,220.5588387705785,217.94031353440664,218.247077797115,6726369
2016-12-07,218.93734741210938,220.78893291250873,218.32380420116445,220.00009582053,4930865
2016-12-08,223.5170135498047,223.9004835107538,220.07676902258837,220.23015115603786,8750556
2016-12-09,225.46722412109375,226.10267903753314,223.5718006115034,223.94431471865443,8239158
2016-12-12,225.08377075195312,228.26106019587357,223.6156405764741,223.6156405764741,9023848
2016-12-13,227.8447265625,228.10768202309808,225.16046575289036,225.25906856536696,10365823
2016-12-14,232.16146850585938,233.2461286897416,227.49413710384343,227.84472487894743,24139260
2016-12-15,230.7261962890625,233.9363532348296,229.78396242814503,230.60568174640076,19331986
2016-12-16,231.6465301513672,232.70927860879075,230.51803185819767,230.51803185819767,14942206
2016-12-19,232.8297882080078,233.7939338323073,231.03296737345144,231.17540828265783,15009634
2016-12-20,231.8108367919922,232.49011514769163,230.77000021160708,231.1096467031194,11688169
2016-12-21,232.983154296875,233.87060878513904,231.65746512534565,232.29292004340624,20367894
2016-12-22,230.8138427734375,232.85169263645457,230.28794650644363,231.83276770494604,28892834
2016-12-23,231.67938232421875,234.23217255108227,230.51801650419446,230.51801650419446,10265033
2016-12-26,229.52099609375,233.58573976751669,228.9074529147019,231.0329496210431,15321770
2016-12-27,233.30088806152344,233.8267843064954,229.4223941127765,229.60865847968532,17442849
2016-12-28,230.01402282714844,234.363633634018,229.44430312080814,234.0020753988561,9637310
2016-12-29,233.46522521972656,234.1992975630118,229.97020125719018,230.0797745544613,8772325
2016-12-30,237.17938232421875,237.7491167005445,232.9503003639605,233.3228144939191,15711974
2017-01-02,237.77102661132812,238.84473089473974,234.9771925990686,237.5299828959129,7097888
2017-01-03,238.71324157714844,240.3785919379455,236.8945236994614,238.811859011471,6434204
2017-01-04,233.83773803710938,239.50208214267252,233.21323899453438,239.4801704088041,10392483
2017-01-05,236.08375549316406,236.6315634816447,234.18834658159105,234.68137523395623,8734164
2017-01-06,235.54690551757812,237.74910798611037,235.1415237993049,235.38256750773473,7845839
2017-01-09,236.14950561523438,237.96823819847012,234.68139005993987,235.99612346442117,5228980
2017-01-10,238.8118438720703,239.80884237359842,236.65346498579555,236.65346498579555,11349916
2017-01-11,237.9791717529297,240.09371257161257,237.52996658319685,239.94033043518084,11475958
2017-01-12,237.37660217285156,238.92142340139324,236.6096621787704,238.18735101043043,4371992
2017-01-13,238.932373046875,240.4881501026076,237.65049267666242,237.65049267666242,7234429
2017-01-16,235.83175659179688,239.71023575054647,235.32777210203164,238.83375179723862,12013154
2017-01-17,228.16246032714844,234.0240106094572,227.55987295964547,233.36664390193826,39234251
2017-01-18,226.25607299804688,229.64153848580435,225.4233978038085,228.45826090020353,15867619
2017-01-19,226.50807189941406,229.04990631766094,225.9164257947301,226.82579205961582,15284274
2017-01-20,224.7769775390625,227.32976772528664,224.36063995944215,226.56284239636582,8784907
2017-01-23,222.607666015625,225.91642579269003,221.9283875975284,223.90050227358637,13708502
2017-01-24,225.10568237304688,225.43435840873732,222.84870045800457,222.84870045800457,9419288
2017-01-25,222.9144287109375,226.28892344795148,222.662429147312,226.13554131281234,23856654
2017-01-27,224.62359619140625,225.4562713535853,223.2869365105033,223.5608478179369,21861796
2017-01-30,228.94033813476562,229.30189640075304,224.55787398087153,224.59074158438614,15678126
2017-01-31,229.02796936035156,230.91243700850686,227.95426513123775,229.3895276015269,15125194
2017-02-01,230.00306701660156,230.2769783165975,226.8367337165789,229.22518583889223,11312284
2017-02-02,228.65550231933594,230.2551030228596,227.50510685740824,230.07980912460866,9099129
2017-02-03,226.4971160888672,230.17838999238342,225.71922023490347,229.2032885216931,13219481
2017-02-06,228.25009155273438,228.9622375512274,226.1465065316754,227.23116664395107,9991907
2017-02-07,225.89450073242188,228.40346739986748,225.083751951033,228.32677633123987,9905562
2017-02-08,224.63455200195312,227.5050769727125,223.94431774093013,225.89450598478214,16230826
2017-02-09,226.2998809814453,226.5737922806795,224.99610356850937,225.25904437354157,9861688
2017-02-10,225.73016357421875,226.91342646355918,224.7221945566841,226.7929119266927,12518554
2017-02-13,225.66445922851562,226.57382556750173,223.94434399424435,226.35469357045574,8565757
2017-02-14,230.03594970703125,230.7152427544646,225.67539737347482,226.79292512592764,18244623
2017-02-15,230.36465454101562,231.72322609216963,229.03895059476093,230.71525695393578,15236663
2017-02-16,233.91444396972656,234.3417374346383,230.63855178428076,230.63855178428076,19655195
2017-02-17,235.66741943359375,236.2590655221144,231.93136629510505,233.69531943872084,14847356
2017-02-20,235.6455078125,236.40149191079263,233.69531955127553,234.58275942983158,11650581
2017-02-21,238.45028686523438,239.0528741668724,235.13055683183404,235.60167373180388,14186476
2017-02-22,264.59173583984375,265.50108742847794,239.28295169497082,239.5020836623709,127323130
2017-02-23,259.1684265136719,267.76903096665285,258.42339828626336,265.9283867599504,62249698
2017-02-27,271.4722595214844,275.3945481700876,260.8338041381545,260.8666571160054,83422197
2017-02-28,271.28594970703125,273.4662402887745,269.1933060577551,269.96024597149193,36111716
2017-03-01,270.508056640625,272.6773766329457,269.5219994391475,271.73514289577173,24385665
2017-03-02,271.0011291503906,274.93438810018756,268.8756322779892,271.2530994836367,18063590
2017-03-03,275.77801513671875,282.18738823080196,272.0529321604447,272.0529321604447,84305639
2017-03-06,286.032958984375,287.4901331355521,277.24611986522,278.06782449397457,66724743
2017-03-07,285.9453430175781,290.77701239515955,284.0170517627637,288.9911620500106,42071555
2017-03-08,282.932373046875,286.5478967848004,281.8148454002689,286.5478967848004,43336972
2017-03-09,281.9572448730469,284.4223878855651,280.80686430363784,282.6694200525015,31094457
2017-03-10,280.8397521972656,283.98418855458135,276.358670753047,282.7242199126943,24785585
2017-03-14,282.5599060058594,289.02407348622324,281.62864251529345,288.9692795139985,27765035
2017-03-15,285.9453430175781,288.4323981612016,282.7571123301341,282.8995239851457,24107889
2017-03-16,284.3457336425781,287.1395528565999,283.4582645360172,287.0519059208385,15924023
2017-03-17,285.01409912109375,289.2322109317713,284.43342345681197,286.6136851945283,22727289
2017-03-20,280.65350341796875,286.23020059316633,280.11665131037563,286.1754066311194,12869337
2017-03-21,276.92840576171875,281.33278151653013,275.94234843179726,280.9602820214286,22596181
2017-03-22,276.02996826171875,277.38852495331196,273.14850225480285,274.3427063226667,20291685
2017-03-23,279.0101013183594,279.94136475761,275.6575178314708,276.78598690148164,11807911
2017-03-24,281.9572448730469,283.10765469710515,277.94728085632715,279.1853376093061,16282523
2017-03-27,274.1455078125,280.20429225842906,273.29092095445947,278.527971515153,32452615
2017-03-28,272.9732360839844,276.9722301267818,272.1734138717025,275.65749676752216,21707345
2017-03-29,275.3616638183594,276.0957215443711,270.2560834557331,274.2769890890697,18924345
2017-03-30,278.42938232421875,279.3277926458154,274.5618589984057,275.0000936652086,27862325
2017-03-31,289.4403381347656,293.1106558939095,277.4104453657711,277.4104453657711,45390562
2017-04-03,301.2182922363281,302.50017278951555,292.97924472262855,294.0639196340926,44886623
2017-04-05,310.05987548828125,310.71725677243865,302.4124754291378,305.7212350749376,40323877
2017-04-06,315.20928955078125,317.4881685029597,307.2551249531842,308.7451521897154,50620850
2017-04-07,308.2192077636719,314.22319803599214,307.33176796427006,311.4403494809205,31875272
2017-04-10,302.6863708496094,312.22917930830516,301.79890177437596,308.96424330249187,30768410
2017-04-11,300.71429443359375,306.8716677610684,300.22126574758386,304.1107012684822,32249647
2017-04-12,296.693359375,303.8039371010874,296.0688602730623,303.00411485688545,27448279
2017-04-13,299.0599365234375,300.9443752079067,295.2362066739684,296.6933811034245,12713918
2017-04-17,304.9872131347656,305.79797665427475,299.1037508797492,299.1037508797492,11837502
2017-04-18,300.2431945800781,308.96430001861194,299.5419897353691,306.7621265491172,16016414
2017-04-19,299.93634033203125,302.94930597735765,297.4711972602732,299.9801637975447,11572557
2017-04-20,300.1007385253906,303.8806153911781,298.9065050268288,302.17147072196843,8393496
2017-04-21,307.3208312988281,311.3746189168726,302.0728103519453,302.50010377218473,30230907
2017-04-24,310.58575439453125,314.44233625590385,306.8168194614036,308.75605163079604,25512511
2017-04-25,313.96026611328125,321.6186362985289,312.4921507300193,319.92043308868165,36764315
2017-04-26,310.37762451171875,315.5489403211543,307.3427760328846,314.44238306002876,16763153
2017-04-27,308.85467529296875,312.06484649607376,307.25508956552943,310.4981137400656,12571594
2017-04-28,305.7212829589844,311.22127540721726,304.800960718878,308.90954319273345,11848658
2017-05-02,300.31982421875,307.21125464576164,299.3885609060489,307.21125464576164,18591411
2017-05-03,300.2212219238281,302.55486534292913,299.1036942992869,301.7112490049999,9500038
2017-05-04,297.5589294433594,302.30295212389257,296.7043424503725,301.2949829727436,14365934
2017-05-05,291.0509033203125,299.6186546877648,290.33875733120516,298.3586860887891,15598448
2017-05-08,289.5498962402344,293.5160370217857,288.881573741252,291.43436383027375,16066733
2017-05-09,291.51104736328125,292.2341345137093,289.2978746843889,290.11960851003005,21106150
2017-05-10,297.8109130859375,298.79697054422877,291.5768627645694,292.4862145130274,22906024
2017-05-11,297.90948486328125,300.14454029152614,296.1783993285229,298.9064834103308,13783848
2017-05-12,295.91546630859375,298.88457954809815,294.51308600904184,298.0190513852481,7523427
2017-05-15,294.5240173339844,297.21924842162235,292.2013149847593,297.21924842162235,6738085
2017-05-16,297.1973571777344,301.7112917813672,293.8447445741302,294.95133111651575,12655992
2017-05-17,296.49615478515625,299.3118860013444,295.3238330256958,296.47424304912863,9844573
2017-05-18,290.85369873046875,295.81683819203516,290.14155273886877,293.6804002172352,9790379
2017-05-19,288.9911804199219,292.6834105188399,287.0519478012936,292.0917936161347,12813204
2017-05-22,290.1524963378906,292.22322838132334,288.1913522214276,290.6674367251093,8801430
2017-05-23,286.07684326171875,291.4015711307474,285.29896193435496,290.4921901205517,9223001
2017-05-24,284.3567199707031,287.86271497568447,283.7870147979201,286.504128746659,14326531
2017-05-25,285.39752197265625,287.57778334996533,284.0827594460683,284.86066987160564,25922008
2017-05-26,293.0340270996094,294.5897896885232,284.86071512323315,285.72624336609897,21430443
2017-05-29,297.32879638671875,299.20229348720756,292.66145086734554,292.9682443916944,24022633
2017-05-30,297.86566162109375,299.0379832996835,295.4881652894662,297.10969215296217,9658309
2017-05-31,293.77899169921875,299.7501295143908,292.7052874525053,299.54195340901197,16423338
2017-06-01,291.0509033203125,293.6256052264595,289.90052264703195,292.0260193745756,9534069
2017-06-02,290.28399658203125,293.34078624517196,288.5857931045776,292.5300227320339,11495005
2017-06-05,291.29193115234375,293.8447213133778,288.33378853750685,290.6126673947768,10835031
2017-06-06,287.66546630859375,292.29993019582696,287.27105505401613,292.29993019582696,9591064
2017-06-07,293.406494140625,294.0638754355538,286.8327982099465,287.3148563728158,11199223
2017-06-08,291.806884765625,294.6774098288396,291.0070918068265,293.62561728896316,7903123
2017-06-09,292.6833801269531,296.46325678192227,291.6534993337892,294.7431417132809,13836547
2017-06-12,289.12261962890625,291.37961607434136,288.5857674996751,290.67841130699674,8432435
2017-06-13,288.0050964355469,290.7770040644326,287.2710386818134,289.37462376231554,6025338
2017-06-14,297.4602966308594,298.0080900245633,288.34475126774106,288.34475126774106,52939271
2017-06-15,303.256103515625,305.67742338758796,297.8108764274351,298.0080820438874,28290813
2017-06-16,304.31884765625,305.8526982769538,300.0459132918473,304.3845828576522,32710880
2017-06-19,308.7999572753906,310.23521998933904,304.62566881555745,304.62566881555745,15236956
2017-06-20,309.47918701171875,311.6156541552572,308.40548282026117,308.74512931535196,10142474
2017-06-21,311.5937194824219,312.90845264453566,307.70425544358534,308.4821658041418,19992472
2017-06-22,313.9274597167969,316.7212792589446,312.842784877381,313.2262548937001,22118609
2017-06-23,314.62860107421875,315.97621660526784,313.47822040500256,314.6614833027415,31143289
2017-06-27,314.91351318359375,316.1953937547159,312.2511638464368,313.7850440350597,32591540
2017-06-28,306.4443664550781,315.5270294353656,305.79795563398994,315.5270294353656,15567803
2017-06-29,305.1733703613281,308.9642168937738,304.60366534768536,306.77298525508263,12898245
2017-06-30,302.39056396484375,305.10767753186303,301.3058892332133,305.0200305945174,7814271
2017-07-03,302.62060546875,305.6116594281433,300.41843241024867,304.1873382673583,9195278
2017-07-04,311.5827941894531,312.71129242237436,304.36268736167807,304.5818047113755,18816782
2017-07-05,316.11871337890625,317.1705060577636,312.0320425951713,313.22627619838426,27209010
2017-07-06,316.0967712402344,317.7292394465279,315.09974337494833,317.44435762521533,13590313
2017-07-07,326.74615478515625,328.19235855302117,315.5379951339073,316.1953471853673,35845310
2017-07-10,327.11865234375,328.8826201413536,326.29694765696473,327.6116810067517,3504540
2017-07-11,327.4473571777344,329.6495304160742,325.8368007814019,328.90453142984273,20995547
2017-07-12,331.1176452636719,334.163463902192,328.13756182388346,328.55388474918436,17104482
2017-07-13,336.17938232421875,336.8199035117409,332.656574767268,333.23083819268896,23010262
2017-07-14,338.7524719238281,339.2494198921704,334.7327163348912,335.71558405463156,20530867
2017-07-17,342.72808837890625,344.46187758149114,339.4703115005978,339.4703115005978,18749450
2017-07-18,335.69354248046875,342.73912916520715,333.7278362685187,341.6348034771382,19640167
2017-07-19,338.5758056640625,339.6911889799396,334.0811877476589,334.0811877476589,11790198
2017-07-20,337.6812744140625,342.3415214996898,336.5327475955056,340.07764097351,13626050
2017-07-21,350.0718688964844,351.55165519587376,341.22620626597035,342.3415600993515,97142371
2017-07-24,356.7530517578125,358.8843875143297,350.07186852073573,353.38484536428825,43429394
2017-07-25,353.8597106933594,358.8954485161936,352.8547569774608,358.84021896571454,20063064
2017-07-26,358.4095153808594,359.98870302942044,353.6277805913232,354.312473658256,21954323
2017-07-27,352.236328125,360.3420676547318,350.8117419699547,359.5690604090265,18409364
2017-07-28,352.15899658203125,354.6989658778993,348.525759487821,351.4522176452941,14331863
2017-07-31,356.7419738769531,357.5370965308563,352.501359039085,353.81551558707315,16567422
2017-08-01,354.1799621582031,358.4095194605089,351.5074771130434,358.4095194605089,12311920
2017-08-02,359.8341064453125,361.2697208771726,355.17382941970163,355.59349142919575,20786240
2017-08-03,364.4501953125,367.7190298688552,357.15060608629403,359.3150855170393,19707381
2017-08-04,358.27703857421875,367.29938929768093,356.7199366792824,367.29938929768093,18579866
2017-08-07,356.9960021972656,360.36417915350046,356.15670764086104,360.36417915350046,9537088
2017-08-08,353.94805908203125,358.03407279367644,350.4694229976509,357.36043739728524,10961296
2017-08-09,353.1197814941406,357.8021444660546,350.07186523694463,353.7161308845041,10436651
2017-08-10,349.92822265625,354.85352979789167,348.5146944194518,351.84975649338946,10188164
2017-08-11,341.5133056640625,348.96749581420147,338.58681786909625,342.55137345857304,16996281
2017-08-14,347.4324951171875,349.96140694888464,344.77106775114976,344.77106775114976,13440617
2017-08-16,345.8974914550781,348.0840566366835,342.3857120219696,347.2005902980852,13576650
2017-08-17,346.11834716796875,352.8657877190801,344.8041906340024,346.5379796681342,15828719
2017-08-18,347.9515075683594,348.4815991602277,343.03725744731616,345.4336535968152,7935890
2017-08-21,345.52203369140625,349.88413624643516,344.6054531285766,348.30494849574853,7573558
2017-08-22,344.5612487792969,348.9454073569074,343.67778244122997,347.2005900892563,9533641
2017-08-23,349.4202880859375,350.4141840834896,343.03727957403726,345.62142096255786,8320052
2017-08-24,346.328125,351.8608100273209,345.5440601123143,351.1761465212219,12654347
2017-08-28,345.9968566894531,349.39817696337917,344.8152156926778,348.7576852584667,12316426
2017-08-29,338.39910888671875,346.2067034193985,337.92424682305705,344.9588046033179,15164812
2017-08-30,345.45574951171875,346.4938173172478,340.40898371851057,341.8004262707008,10334911
2017-08-31,352.17010498046875,352.82165446664675,347.6423432316171,347.86320246638684,25104625
2017-09-01,355.61553955078125,357.05115383004073,353.16394346993843,353.3516590452941,15431918
2017-09-04,356.3333740234375,361.36911157787165,352.46821979952165,356.80823608083756,21560532
2017-09-05,360.58502197265625,361.0819699176619,358.03402448744083,360.0107585638277,25216776
2017-09-06,363.412109375,364.9802688061407,358.4205730709698,359.21566626029073,48745984
2017-09-07,361.380126953125,367.74107855025056,360.01077037712145,363.54463565188126,16205339
2017-09-08,360.85009765625,363.655098312809,358.72979009353804,362.21945435673086,13248413
2017-09-11,361.29180908203125,365.2453071341966,360.6954891781794,362.7937107772689,12690592
2017-09-12,363.8759460449219,364.42809409734394,360.8942581002054,363.43419811577184,6500191
2017-09-13,375.0296325683594,379.84448116849643,363.1028816956903,363.9863479996521,29377106
2017-09-14,372.7547302246094,380.5512967814506,371.93755109036556,378.03344263665167,11867640
2017-09-15,371.84918212890625,376.7302886289489,368.7349787997664,371.9375258130909,28595395
2017-09-18,373.5056457519531,375.93518546398866,372.42340616228984,375.4713516471557,5061995
2017-09-19,370.43560791015625,374.91919712132307,369.7288584677731,374.8971112012486,7718697
2017-09-20,374.2124328613281,385.4103191373645,373.3068806155662,378.1659306584799,24942703
2017-09-21,371.650390625,376.2223238562813,369.39756763553936,374.14618824054907,12950541
2017-09-22,361.0709533691406,371.0099134021045,359.21567689802566,371.0099134021045,12294087
2017-09-25,362.9041442871094,365.73123084181907,355.68184118572685,360.01079996459333,14229631
2017-09-26,362.2635803222656,365.33361166354615,358.7739165010327,362.9703592493951,10564143
2017-09-27,353.0093688964844,364.7373480702568,351.3970670008224,364.69317622345005,18448855
2017-09-28,347.39935302734375,354.66582731955157,344.6385244890655,353.2302129924847,29547622
2017-09-29,344.94775390625,350.46938144823713,344.152631283785,349.7405165870434,16666208
2017-10-03,352.65594482421875,355.085455033399,346.91342861879815,351.17615867583663,18345748
2017-10-04,361.71142578125,364.4059669466363,351.441178296043,353.03139399431524,18907611
2017-10-05,364.0526428222656,365.95209114606996,361.6231323544488,364.4281035076078,10631751
2017-10-06,369.7509765625,370.7669584615433,363.3679386950757,363.98637399818506,12997688
2017-10-09,366.9238586425781,370.9656999703981,365.75327538987113,370.6122957615288,8850408
2017-10-10,372.46759033203125,374.2786948439745,367.0784781257912,367.0784781257912,14732024
2017-10-11,371.1203308105469,379.1819281847069,369.2871403222968,373.39523973586347,15420644
2017-10-12,385.520751953125,387.3097705386096,371.98169897022944,371.98169897022944,18642942
2017-10-13,387.1551208496094,393.44978498836514,385.78576431902826,388.4140772671283,21509701
2017-10-16,387.3097839355469,394.0240811128242,380.4629417397284,388.28159398583864,32009221
2017-10-17,386.22760009765625,390.4903015870144,383.0691948623117,387.8399021157325,13898844
2017-10-18,403.9630126953125,405.46488476630276,386.5146343364713,387.57478800046744,36671941
2017-10-19,401.9310607910156,407.2318292658565,398.8831152320808,404.5372584428407,8014767
2017-10-23,415.11669921875,417.3032938048764,401.577646649503,403.25623557808177,27455320
2017-10-24,412.6872253417969,418.6285153892324,410.01476975761955,418.6285153892324,13857773
2017-10-25,415.1830139160156,417.83338351959236,410.58899472275726,415.271357603654,10011782
2017-10-26,418.49603271484375,423.09002288249707,411.25164319008775,415.2272274821343,16840049
2017-10-27,410.7435607910156,422.60405368125015,408.91037045602155,419.64445193869324,11498547
2017-10-30,416.3315124511719,417.6787831784575,411.0749155866277,412.5767877676922,7823263
2017-10-31,415.60260009765625,417.76707917790856,411.7816180844393,417.4137044667519,9504986
2017-11-01,420.7708740234375,423.0899546574313,417.76710036464516,418.65056667454996,17571371
2017-11-02,418.1426086425781,422.51576884908997,417.10454077046126,420.8813515665171,10277678
2017-11-03,417.5683288574219,422.27274790714154,415.29342005487695,422.27274790714154,4798537
2017-11-06,411.9141540527344,416.33148559755836,410.3681101274537,416.33148559755836,9757496
2017-11-07,400.51751708984375,413.01850266325226,398.90521531277113,412.2896672445481,20447574
2017-11-08,392.16876220703125,400.208272800916,390.53437467718555,398.6622289490507,17752793
2017-11-09,397.77880859375,401.93107988691895,394.04616981942183,395.23883909702386,15007224
2017-11-10,390.4239807128906,397.977572280075,388.36993103796044,397.977572280075,13923102
2017-11-13,386.62506103515625,393.97987886685445,385.8520243415109,390.9319334198506,9088619
2017-11-14,391.68292236328125,395.34927393272386,385.631202719894,386.5146691005536,12481463
2017-11-15,390.35772705078125,393.4056432257304,387.81775758870765,390.7111017986682,15272059
2017-11-16,399.2585754394531,400.20829952837727,391.1528065457484,391.1528065457484,15160866
2017-11-17,402.8145446777344,408.55703182280365,401.3126430101847,405.9287481354101,12219276
2017-11-20,406.7680358886719,408.3141094864885,399.76662131375605,400.2966834703465,9231195
2017-11-21,411.9362487792969,415.07253802520114,408.8220454544086,409.39630888803543,13082246
2017-11-22,411.14117431640625,414.63083845723384,407.91651175260876,414.1007468415369,11058315
2017-11-23,418.3193054199219,419.6003183844171,409.3300697720086,411.2516039623576,16031638
2017-11-24,420.1304016113281,423.8409546462323,418.4960138124023,419.6445113024408,13987125
2017-11-27,420.2408142089844,422.95747110575553,416.9940951785287,418.42973909834956,10237135
2017-11-28,416.70697021484375,420.2408061667508,414.38788944992933,419.57822851232504,10153618
2017-11-29,417.8775329589844,419.6444655914432,415.6688819120161,416.0443425643491,8038351
2017-11-30,407.0772705078125,415.86770388331234,406.1717181648465,415.86770388331234,20637767
2017-12-01,402.0194091796875,411.36201925477985,400.95925547231275,408.3582455026828,11114967
2017-12-04,398.2646789550781,403.6537911003411,396.38731670080915,403.5212755747048,10103208
2017-12-05,403.6096496582031,406.723853206849,395.5480814976589,398.0217638036081,18306627
2017-12-06,409.330078125,410.94237995272846,401.44516790450166,401.97525953106214,24078081
2017-12-07,411.4945373535156,413.46024333177405,407.71772684673874,410.8319302245619,12095301
2017-12-08,406.8342590332031,413.8798743420738,405.97290810205186,412.51051773354504,12224184
2017-12-11,404.6918640136719,409.04293793006826,403.5433666230206,407.4747785490257,10792248
2017-12-12,404.44891357421875,410.3681173067914,401.09176513118786,404.6035150207305,15782031
2017-12-13,404.029296875,408.5791147133835,402.28445007886097,405.02319284293577,9147866
2017-12-14,407.0551452636719,408.5570173909573,401.4230584401265,405.9508197175826,10983157
2017-12-15,406.2821044921875,412.11296454830597,405.3765522457077,411.25158414374175,24408414
2017-12-18,406.8342590332031,411.980426134856,381.0592811695271,402.8366188141747,18581421
2017-12-19,409.0208740234375,409.4846783940207,406.3925607951609,407.98280618301465,8891691
2017-12-20,405.5752868652344,409.66129980169063,405.0673107316379,408.99872223613,10443493
2017-12-21,403.2783508300781,408.1374011184208,401.97525194157225,405.7078612306433,9071450
2017-12-22,406.5692138671875,407.4526801762004,401.6659920701318,404.0292740300846,10658428
2017-12-26,410.72149658203125,414.7412521846172,405.5753295123395,408.534931411343,11596338
2017-12-27,408.049072265625,414.12284848786203,405.9508506196122,412.1350859433566,9520350
2017-12-28,408.247802734375,412.7534484736515,405.9949798647367,408.7116070657433,15511891
2017-12-29,406.85638427734375,411.82586448880625,405.72997269437417,409.26383839462045,11089700
2018-01-01,401.86480712890625,407.5852081610255,400.8709111867806,407.5852081610255,9453202
2018-01-02,402.48321533203125,406.19376806809856,400.38499382911994,403.30042390928554,9499419
2018-01-03,404.0955505371094,409.04294440475746,403.3225137949618,408.60119648615387,13507800
2018-01-04,406.5250244140625,407.1876314889184,404.49306083752754,405.5753003845597,9008932
2018-01-05,407.8281555175781,409.44048674987306,406.50297074992386,407.18766379869743,7441284
2018-01-08,410.1693420410156,411.2515816485914,407.93860506339274,409.08710243343984,8827020
2018-01-09,415.64678955078125,416.9498883406029,408.15945613038986,409.99261700940946,14294571
2018-01-10,416.2652282714844,418.4959652231692,413.2393686921782,416.55234523885497,11727682
2018-01-11,414.23333740234375,416.3978169727137,413.0185525832531,416.0223267698761,7849171
2018-01-12,419.2027282714844,420.8813172634133,414.45413724679906,416.55235874310455,15071161
2018-01-15,419.2689208984375,423.3991054855411,417.52410390094275,419.6444109891239,11120925
2018-01-16,407.69561767578125,418.62847250038965,406.3925189007881,418.62847250038965,10825151
2018-01-17,408.38031005859375,410.36810184182707,400.65000212663995,409.0429171487414,13204016
2018-01-18,406.260009765625,410.6331399693217,404.2280461071302,410.3681089235729,9381821
2018-01-19,411.3841552734375,412.7535120451171,407.32022731907,407.7177739500436,9973533
2018-01-22,429.14166259765625,430.37850360430576,415.22714967023234,418.76098533026095,45700733
2018-01-23,434.33203125,437.7333516251692,430.6877657381498,430.6877657381498,22526810
2018-01-24,426.8667907714844,433.6694316398229,425.23237357649236,433.6694316398229,14289485
2018-01-25,426.6680603027344,429.3626020193798,422.36115766393783,427.5514972673951,13669901
2018-01-29,426.0495910644531,431.70373462478835,423.75259616454235,426.8005419119207,9897064
2018-01-30,419.8211669921875,426.623837213525,419.20273170398895,426.623837213525,9182956
2018-01-31,424.63604736328125,426.04957583102106,415.911842957929,419.64448165223286,12551686
2018-02-01,416.9278259277344,429.6275847106691,413.7252788299651,425.4974289045024,16524809
2018-02-02,399.47943115234375,416.97198169010886,397.999644973091,413.0184839222284,28965593
2018-02-05,398.50762939453125,403.0795625259468,389.51842355475804,394.9075357718175,19191099
2018-02-06,394.0682067871094,396.6744337262016,384.7476834573947,387.398082235088,24062503
2018-02-07,395.084228515625,399.9432786891704,393.14060844620684,398.6843516745189,15532284
2018-02-08,399.5677795410156,402.26235036914375,394.17866737197033,396.6302930686932,13825894
2018-02-09,396.6082458496094,398.44140696176265,391.3737051298124,392.6989194957626,11580639
2018-02-12,404.4047546386719,405.5974238941796,398.4634647955566,398.88312679383546,11877059
2018-02-14,412.4221496582031,416.33147544800437,406.8342349735693,407.71770126099653,22247829
2018-02-15,413.3056335449219,417.76710752483655,409.9926274541938,414.18909986996863,13363743
2018-02-16,406.9668273925781,416.375695795918,405.55326937313083,415.0504814667845,9628162
2018-02-19,409.4846496582031,411.6933007185078,403.5433600239128,406.834250693511,8941900
2018-02-20,406.87841796875,410.61105650084346,405.862465620646,410.368111374123,8458450
2018-02-21,410.52276611328125,411.9142087796218,407.3423046707783,410.8098831184978,11917390
2018-02-22,408.3140563964844,411.25157226062186,406.39252235425874,407.27598865425296,11196908
2018-02-23,412.6872253417969,414.34372849582064,407.60731575496516,408.777899129094,10610664
2018-02-26,414.65289306640625,417.39163565172885,413.7252549243972,414.7854085885204,8435611
2018-02-27,419.8653259277344,422.2064925053509,414.49829974095985,414.78541671116307,14021366
2018-02-28,421.65435791015625,422.78076939325695,416.6407062963173,417.8554614653701,56650480
2018-03-01,418.9377136230469,424.01762315313385,417.8554739505857,419.53406300825355,8956590
2018-03-05,408.2036437988281,419.71073312398624,407.0993182496366,416.5523579250889,12325694
2018-03-06,402.3507080078125,413.5485947211846,399.81076802606185,410.3681335199396,16019726
2018-03-07,393.0301818847656,401.6439272474934,392.27923105957655,401.6439272474934,15853546
2018-03-08,402.6157531738281,403.9630534254239,394.5983568680487,396.5198616194217,13283967
2018-03-09,403.3445739746094,406.1054024562447,402.4390217608376,404.1396965875809,10638527
2018-03-12,410.9423828125,412.17925345401096,405.31032510667376,406.392564802586,8315150
2018-03-13,411.62701416015625,413.4602044376182,406.98885315542566,411.64910007947003,11148731
2018-03-14,410.39019775390625,411.71538247925685,406.0391534398378,410.27976815072793,14724464
2018-03-15,402.7703857421875,410.5669529116279,401.975292468018,408.6012466760559,12711836
2018-03-16,397.5800476074219,401.8427486428174,391.3958123202465,401.53351623740934,30814962
2018-03-19,395.57012939453125,400.6058372127639,394.0240559865256,397.9996396217284,12630833
2018-03-20,393.0522155761719,399.324793430199,391.8374605565947,394.5982888645123,15192983
2018-03-21,396.1885986328125,398.5960233251716,394.59838261632325,395.2830462608719,14715126
2018-03-22,401.1580505371094,402.836639617899,395.68059433291023,395.79102394517105,22129723
2018-03-23,394.8633728027344,397.55791422821034,392.7430653422368,393.40564299413484,23469999
2018-03-26,398.0438232421875,399.4573516819354,394.2449268584004,394.88544805847977,13227705
2018-03-27,397.46954345703125,402.30650742234764,396.23270243722345,400.73837759916535,15179544
2018-03-28,389.9159851074219,395.7247595381538,388.72331582780373,395.7026736160722,19160609
2018-04-02,394.4437255859375,397.9775911440199,391.5945826015695,394.4658115084952,12494499
2018-04-03,397.3591613769531,398.30888554741597,391.0424105139204,393.5823801051813,13922126
2018-04-04,395.30511474609375,402.77036314525293,394.0461876454072,399.6340736114515,14214534
2018-04-05,401.1801452636719,401.97526797661175,399.10400953318157,399.8107885543741,8527915
2018-04-06,402.4169921875,405.7299691370228,399.76662242276734,401.09180730513367,9664888
2018-04-09,404.6256408691406,405.9508552301464,403.10168268736186,403.10168268736186,7813897
2018-04-10,405.08941650390625,408.11527599655466,403.8084036604986,405.68573634213647,8455132
2018-04-11,411.1853332519531,412.0245982623731,404.6476941287281,407.1876635429491,13140816
2018-04-12,410.235595703125,413.7473455406373,408.2478038744319,410.7435718769946,10822592
2018-04-13,414.7192077636719,415.9781348838027,410.2356473677613,412.00255072573566,12616816
2018-04-16,413.9240417480469,415.22717006588465,410.1472607826156,412.775544364944,8934275
2018-04-17,417.10455322265625,418.4076816978869,413.46028734351694,415.2272202173379,9599816
2018-04-18,414.3437194824219,418.84936550176684,413.0405911150599,417.546266621617,7360987
2018-04-19,416.2431335449219,417.4358027175167,413.01847126152325,414.8295756841201,9802587
2018-04-20,409.8822326660156,416.0443820566165,406.92266003344923,414.34373651211394,7326696
2018-04-23,413.46026611328125,417.14870365051263,410.14728926039163,410.8098669386417,7674482
2018-04-24,428.50115966796875,430.9969571946898,413.01848678788514,413.3718910099758,19921115
2018-04-25,428.699951171875,433.6914871196546,425.6299197816937,430.0913936410903,14079382
2018-04-26,430.8423767089844,436.4302624121801,425.05568822053596,429.8043088875614,34096999
2018-04-27,440.0966796875,446.5901182152952,435.32597270525804,437.2254211286249,25518647
2018-04-30,425.51947021484375,438.46217277878446,424.06174056576634,433.77983993558706,19406069
2018-05-02,429.6717834472656,432.54301221606227,426.2925195096566,427.1538999351803,13381914
2018-05-03,424.7685852050781,431.96880242584024,423.73051734951315,431.96880242584024,8634812
2018-05-04,421.38934326171875,426.1379345154058,419.64449642179534,425.3207259013143,8302649
2018-05-07,428.9208068847656,429.91470277960525,422.44945535182814,423.5537808475155,7683268
2018-05-08,427.1980895996094,433.779900890228,426.358795060568,431.79210889831376,10792648
2018-05-09,431.438720703125,434.7958694969725,425.0557119640028,426.668043334819,9831044
2018-05-10,433.4043884277344,434.9283759705078,430.3564428293989,432.89641223828414,8781584
2018-05-11,436.982421875,437.88794463972954,431.902512588023,433.44855655160154,8774740
2018-05-14,435.811767578125,438.17504937142365,431.4386376697459,438.17504937142365,5642499
2018-05-15,432.4325866699219,441.73102509162663,431.41660478439,434.24369122395944,10501479
2018-05-16,422.3611145019531,430.24602450349516,420.7267267971373,430.24602450349516,18840763
2018-05-17,417.5904235839844,424.0617753975009,415.88974868277296,423.7746584228482,10353948
2018-05-18,412.5105285644531,421.19053176549426,411.69331996725697,417.70086764500707,11440117
2018-05-21,411.4061584472656,413.32769241823775,407.32014539081456,411.1411274132582,14491208
2018-05-22,409.37420654296875,412.57675342343515,408.6011698512121,412.20129278122664,11310073
2018-05-23,402.9691467285156,409.0429521991626,401.5997605906833,409.0429521991626,9991028
2018-05-24,404.559326171875,406.8342349064793,402.0414723172509,403.7421176445989,11632489
2018-05-25,406.7458801269531,407.89437742291534,403.9409093888494,404.6255728902216,17782410
2018-05-28,406.5692138671875,409.48464384076686,405.5532320349043,408.5570056906639,11369679
2018-05-29,405.2661437988281,409.9263913130622,403.91887306285525,407.0551624642299,17878384
2018-05-30,404.6697998046875,407.8060892478365,400.4733565988856,404.1176517445624,13105124
2018-05-31,406.98883056640625,407.40846301007747,403.9850572448226,406.8341996525835,37080158
2018-06-01,411.0528564453125,413.34985145410457,405.7078860574503,406.39257917029215,19174278
2018-06-04,415.60260009765625,416.9940425100445,411.05278274267863,412.31170963838315,12250151
2018-06-05,418.6064453125,421.85316448905,415.6689290611793,416.4640517846973,17436812
2018-06-06,421.5881042480469,422.29485374254074,416.397765211798,418.319299374377,9164022
2018-06-07,429.0754699707031,431.1295198159939,421.61022147040285,421.80899478048633,14999572
2018-06-08,434.81793212890625,435.7897126334314,424.32679550483186,426.86676483056283,14289325
2018-06-11,434.0670471191406,441.7089832004918,432.4768016236098,436.03275332104255,15018718
2018-06-12,440.4720458984375,441.7309727735924,433.02888475573377,434.39824122632257,16285583
2018-06-13,442.8353271484375,444.33722871888426,437.0928403746388,441.7310016347373,12962502
2018-06-14,445.2427978515625,446.9434432841325,436.1652187842908,440.6046069281636,11997529
2018-06-15,448.0036315917969,452.1117312323721,441.3997636694587,444.3814517460582,24705890
2018-06-18,448.5999755859375,450.7644549954616,444.82316483706717,445.6182875453367,12363932
2018-06-19,439.9862365722656,448.2686936502478,438.9260532867632,447.87111754638096,13881382
2018-06-20,450.23431396484375,451.84664512729813,439.45608994533615,439.9640661141688,15735681
2018-06-21,455.8443298339844,457.63334841904106,451.13988119959373,452.08960529491947,22988909
2018-06-22,447.252685546875,454.6295898572643,445.46366690211465,454.2761856203562,35370008
2018-06-25,443.6967468261719,449.0196015812494,442.74702267208113,446.7667785132994,11369371
2018-06-26,432.4325866699219,444.38142415757517,430.798198976717,444.38142415757517,17649122
2018-06-27,429.4979553222656,438.1915151045293,428.09718161759685,435.1231946488491,19595831
2018-06-28,420.20404052734375,430.67634407128054,418.13626009040524,427.78589223467634,18770484
2018-06-29,432.4328308105469,433.78913734978505,422.00499424589475,422.04946136624187,17425606
2018-07-02,427.1632995605469,432.38833426741104,425.5624536526587,432.38833426741104,14570004
2018-07-03,431.92144775390625,435.1009358294562,427.0521497802258,429.1199301915295,11084063
2018-07-04,440.2815246582031,441.1264296476073,431.78806701149483,432.1438039820538,10938521
2018-07-05,428.8976135253906,448.41924371659167,426.27399400833025,443.3498434827821,40946479
2018-07-06,434.70074462890625,437.1242620655491,428.8976072959262,429.00877509721016,20039239
2018-07-09,443.394287109375,444.68386323899347,437.34658084618684,438.9474564917528,11309207
2018-07-10,456.1122131347656,457.35732207415697,444.6838377303352,445.90671311160025,22846197
2018-07-11,461.9375915527344,462.871430694699,452.62146337592776,455.8009512965808,18953870
2018-07-12,481.30352783203125,488.70751018475875,463.6273451890484,464.4055493769337,52736376
2018-07-13,489.06329345703125,493.15438686680193,480.258537329094,480.4809025934431,39301408
2018-07-16,478.56878662109375,493.1099500281566,477.16801301227514,489.0633234859249,14427529
2018-07-17,485.75042724609375,487.35127318235175,475.63386103299104,479.5026190457951,14150770
2018-07-18,485.8393249511719,491.19776070205023,479.0578821591465,488.44071053360994,10241565
2018-07-19,491.3089294433594,495.822460338135,483.0822757211457,486.17282925633236,11885426
2018-07-20,501.8924865722656,506.2725869379376,494.44400651008243,495.1110429932957,17538801
2018-07-23,498.1793212890625,502.40381631461236,494.97762936510736,502.40381631461236,12779803
2018-07-24,494.0215148925781,501.04749717913546,492.4428729390465,498.93527952911955,9775749
2018-07-25,495.88922119140625,499.38000886822505,491.0199527868808,493.59910512995145,13014255
2018-07-26,493.88812255859375,498.71298302734516,492.62077999556044,493.6435534065623,14053674
2018-07-27,502.4260559082031,505.783412274329,494.55513877231033,497.8235609049751,14610585
2018-07-30,512.0089721679688,514.6325913491372,501.60337030558236,502.4927126149122,30344461
2018-07-31,527.39501953125,529.351632016895,510.11909958563047,511.8311132473274,30350826
2018-08-01,530.2188110351562,534.910240584873,527.1282571632015,529.351672516729,21227054
2018-08-02,519.5464477539062,529.840913329401,518.4792367942981,529.840913329401,13668930
2018-08-03,523.3706665039062,526.2833517301588,520.0799810975606,522.5035280351705,14536058
2018-08-06,530.3300170898438,531.8418991839944,522.6592310277675,523.2595074690602,8785462
2018-08-07,526.5946044921875,534.2431858687016,523.3928534238551,531.3527046103314,8879612
2018-08-08,541.4915161132812,543.6259970843528,526.9503533662355,526.9503533662355,17307566
2018-08-09,541.6027221679688,547.717099235045,538.9568396284175,543.181334520756,14976885
2018-08-10,535.4883422851562,540.2909695798277,534.6434669649205,538.5122253264666,7833494
2018-08-13,528.1510620117188,533.5984326141039,525.9276466509217,532.5311623692227,10211072
2018-08-14,538.3343505859375,541.2692399802731,526.6391413928889,529.1738266928132,11592139
2018-08-16,533.9762573242188,540.7354955450102,531.6194411164316,535.0657905764054,13086024
2018-08-17,535.2882690429688,540.4688371828257,533.6429261586562,537.6228226346489,8379864
2018-08-20,549.1400146484375,549.984889738342,537.0223412786584,537.1335387379648,16639535
2018-08-21,554.6098022460938,556.5219480834717,545.6272050811982,550.1852340387458,15923396
2018-08-23,564.5039672851562,566.5272509074617,550.6965407791934,554.2095025896118,17429373
2018-08-24,568.0836181640625,569.173092197335,560.3238985823036,562.6362479976997,14550512
2018-08-27,574.3092041015625,576.2435533831324,568.639498239739,568.9285048170726,12188510
2018-08-28,586.5379638671875,588.316707760197,575.8655598777733,576.3102310088651,19018790
2018-08-29,575.5098266601562,590.984858666815,573.731141940907,585.3373565772522,24230135
2018-08-30,566.7274169921875,576.8217505776374,564.9486727350436,575.2430786861214,21545859
2018-08-31,552.1417236328125,564.748477898974,549.8960451590323,564.748477898974,33479841
2018-09-03,546.5831909179688,559.3678738414986,545.2046508263741,553.6314372432969,26686176
2018-09-04,552.2750854492188,557.9892580276016,546.5164457567754,549.2512029558178,19333815
2018-09-05,545.6270751953125,557.0332171292616,537.4004211508131,552.5196563733415,22584608
2018-09-06,560.9241943359375,562.8363397708051,544.8933530973064,547.0278341212693,24487897
2018-09-07,568.5728149414062,569.7956904493466,557.8559419711983,562.4806412778075,23389269
2018-09-10,558.4562377929688,567.8613003399703,555.8992894737322,566.9718986178387,15440786
2018-09-11,550.38525390625,564.0370762282482,548.8511084806238,559.8570479349355,23787332
2018-09-12,556.966552734375,559.7235733645063,546.4497530077666,556.6552235458823,17642490
2018-09-14,557.2555541992188,567.2386890601483,554.8098034113691,560.0348380467377,17233514
2018-09-17,545.137939453125,556.1883445058162,543.2257940620204,556.1883445058162,14773803
2018-09-18,541.2469482421875,551.1412088051937,540.0018689028976,545.182436718355,16660044
2018-09-19,538.4009399414062,544.2929810817415,534.0653071897559,544.2929810817415,24642640
2018-09-21,541.402587890625,550.2517816901769,526.2833524583987,542.0695946487879,41713856
2018-09-24,547.8727416992188,551.3634993287706,535.6216654482612,540.0462918745893,22098277
2018-09-25,547.22802734375,553.6314711353804,531.397256671615,549.406975730444,21250513
2018-09-26,556.4773559570312,557.6112971297255,545.6938128793007,550.9633146880527,13992341
2018-09-27,557.5222778320312,561.6356339662269,550.2961646007436,558.0781463964315,23642923
2018-09-28,559.39013671875,565.5045741670033,554.6542395074927,560.2572753363884,24220992
2018-10-01,547.7171630859375,559.2789711752496,535.399413912335,559.2789711752496,16039441
2018-10-03,535.8885498046875,551.2301819824413,533.6429304390846,546.7388838825808,16135428
2018-10-04,499.0464782714844,529.3516817175322,491.8203634047585,528.9514776332984,50774608
2018-10-05,466.4066467285156,495.95587659737083,461.648516874642,488.9298941335185,47998260
2018-10-08,493.3323059082031,496.71189612404964,456.04555667950297,466.9180941850017,53983473
2018-10-09,484.7276916503906,499.51342515544076,480.79223265348634,498.77968796508736,24042005
2018-10-10,490.0860900878906,496.20049693497,482.17070558841056,486.43966766497186,20784941
2018-10-11,483.7271423339844,495.7113578938818,463.80530825210366,473.14367076089087,28926389
2018-10-12,500.9585876464844,502.0480617036656,489.99714639878323,491.3534231595213,19814528
2018-10-15,506.82843017578125,510.00791814382796,497.223265595101,502.44827066136577,19406012
2018-10-16,517.5230712890625,519.1238874418267,506.9395416228051,509.6076872813694,16358598
2018-10-17,511.96453857421875,524.4378918068329,506.93957609155115,524.2822865768344,27967162
2018-10-19,489.7303161621094,494.04377497684607,475.9228902961787,489.1522436351969,55606079
2018-10-22,472.5433044433594,495.73355945369144,470.1864878290243,493.5990784285721,28798142
2018-10-23,469.00811767578125,473.4549485591432,464.0943523327568,468.14097912297376,23128845
2018-10-24,465.02813720703125,478.4575922144924,458.6469279174306,477.9906578094135,29869514
2018-10-25,458.380126953125,462.7602866268105,451.97668366649805,460.69250621023355,30833933
2018-10-26,464.650146484375,470.03084576750143,454.4669094942622,459.3139440027393,20085933
2018-10-29,483.7271423339844,486.41746250580826,465.1393515578372,465.1393515578372,16781215
2018-10-30,470.0308532714844,482.70433807824037,467.8518754425523,482.70433807824037,19263668
2018-10-31,471.9207763671875,473.9663233354537,465.5840334146007,470.92023644391975,35999348
2018-11-01,469.69732666015625,474.87789438563414,466.9180723860056,474.87789438563414,20552752
2018-11-02,477.99066162109375,480.70324478770397,472.7656269969736,474.4776703553768,36739798
2018-11-05,484.8388366699219,485.9060772219518,473.58832891195686,477.3459192459683,16585905
2018-11-06,490.9754943847656,494.4884859997622,485.4169261490329,486.484166738276,18886485
2018-11-07,493.91033935546875,495.82248475692427,492.1316249894632,495.82248475692427,2808599
2018-11-09,486.2395935058594,495.28891972038474,482.4820327565795,491.9315630571014,23712291
2018-11-12,480.2585754394531,488.61863138641775,477.8350580562082,488.12949307154554,12690610
2018-11-13,488.90765380859375,490.48626609578884,475.83393593368055,477.5904463674939,14899604
2018-11-14,488.2406921386719,494.7775372347361,482.70438698052175,491.3979468807499,17034346
2018-11-15,487.7514953613281,490.4862824288341,483.1490003245572,487.7959624783827,14943663
2018-11-16,501.33660888671875,502.47055010879194,487.862685894898,488.2406564074806,24131016
2018-11-19,511.38653564453125,512.1424767598558,502.93754452803955,503.7824198922258,15987574
2018-11-20,505.783447265625,514.0101019045014,502.4927616626139,509.16306710824983,12511640
2018-11-21,494.888671875,509.38539806480344,492.28728602135544,505.82790977537366,16422494
2018-11-22,490.41961669921875,500.42501559270096,489.1967412087544,495.6001846268527,12670591
2018-11-26,493.4879150390625,496.93420575564187,487.99607751479056,493.15441165226196,13969873
2018-11-27,501.69232177734375,502.4927298832469,491.5757558178303,492.66522986852226,14896607
2018-11-28,512.56494140625,514.8328241088459,500.8475276532853,503.5822854755989,17507771
2018-11-29,519.6131591796875,524.6825297903242,515.833335098231,516.2780063151897,27640198
2018-11-30,519.1906127929688,527.3950032870343,516.8560002063974,521.3028304362663,23443212
2018-12-03,514.2546997070312,522.4590910850749,510.71941526791136,522.4590910850749,12182825
2018-12-04,512.4092407226562,514.9439259920243,507.91794275776755,514.9439259920243,11358720
2018-12-05,513.676513671875,515.2996524235381,506.62826814892566,508.60714382085075,12729759
2018-12-06,499.6690979003906,510.94178056272494,497.2677842431366,510.94178056272494,12831451
2018-12-07,504.18255615234375,505.5833000677131,492.86534798030004,502.24820681562403,15779984
2018-12-10,484.81658935546875,495.5112281320951,481.6371013493278,493.599082679723,20521072
2018-12-11,488.0627746582031,490.08608789212525,469.1414816662142,474.0329833745023,29518062
2018-12-12,493.8214416503906,495.1555146289837,483.7049046160699,488.70757439065306,27572962
2018-12-13,492.2872619628906,501.6033901811685,486.9510594738557,501.6033901811685,20337275
2018-12-14,494.5774230957031,495.7780650549889,485.50586319262817,490.53079632057154,15795834
2018-12-17,502.44830322265625,503.826843329135,494.2661452465646,496.24499148080645,11077711
2018-12-18,505.3387145996094,506.4948595739579,498.2682059357479,499.51334450753654,12841994
2018-12-19,505.5166015625,510.1857674825031,503.91572601692445,507.60661538435954,16118419
2018-12-20,501.8035583496094,503.60450641252686,496.33392442719014,498.49060945378,12609700
2018-12-21,489.2411804199219,503.04860635781375,487.3735021084379,500.26932244943106,18115814
2018-12-24,484.3274230957031,490.57523133467276,483.1712483333816,489.5524579275047,9065704
2018-12-26,488.4185485839844,489.152285769515,473.87738434318686,482.8377764410723,15771193
2018-12-27,498.1348571777344,501.15874001330144,490.93100577885446,492.35398327412855,27294221
2018-12-28,500.51397705078125,504.82740668429824,498.57956816290175,500.4917138051331,16768547
2018-12-31,498.6017761230469,504.20481106054626,496.3561273100057,502.9152052782862,15799099
2019-01-01,498.4905700683594,501.29211717323517,493.64353558398005,500.380511591524,9746670
2019-01-02,491.9981994628906,501.15869228234436,489.5968862076428,495.60012481927885,15628818
2019-01-03,485.9283142089844,495.6446470445033,484.74990584992383,492.48739248563277,16288287
2019-01-04,488.5519104003906,491.13109227912537,480.74772345630646,487.9960714293212,18516544
2019-01-07,491.26446533203125,497.3566382099471,489.5968891462382,492.2650051066426,12060290
2019-01-08,491.22003173828125,493.57684836932714,487.3735072802789,491.4201337699942,12304389
2019-01-09,493.9325866699219,496.7118706154236,488.5741504955051,494.4884553327521,12614237
2019-01-10,492.48736572265625,494.04377419977465,490.4862860716892,492.59853351611844,8925160
2019-01-11,488.2851257324219,495.2889048168985,484.082864218601,492.531854365571,14139060
2019-01-14,487.7292785644531,489.3745916363414,483.10454981021815,486.92884074563796,8994060
2019-01-15,502.3371276855469,503.38213462554216,491.37565675274993,491.37565675274993,22011407
2019-01-16,505.1164245605469,509.1630510728316,502.64841043601535,504.7161611262395,13961606
2019-01-17,504.4716796875,510.452656222767,502.492803637814,508.9185107769511,16379077
2019-01-18,526.6613159179688,529.1293300822731,504.8273667420513,510.85280980484947,56181172
2019-01-21,550.38525390625,551.385793856642,528.573506735167,530.9525868652364,48206814
2019-01-22,549.251220703125,554.4985184377442,542.3363764530338,548.2284770466869,36207430
2019-01-23,545.3157958984375,553.2756471049843,543.4036505494876,548.428553374555,19313542
2019-01-24,554.7208251953125,557.2777732565327,542.5587432111155,544.7376911259244,28775487
2019-01-25,554.0759887695312,562.3915759058096,549.3623563202608,556.0548642393167,18703992
2019-01-28,546.7611083984375,558.5007853675066,543.5816199737301,556.0772380521597,18744303
2019-01-29,538.3565063476562,547.6948978925816,534.2209456710425,547.4058319436815,20405845
2019-01-30,531.7084350585938,544.7377153830962,529.662888392258,540.290885129087,17164298
2019-01-31,545.6937866210938,546.8277277392239,534.0653095076366,534.5099806581494,22279301
2019-02-01,555.83251953125,558.0781978668495,545.649312834436,548.7398663456796,20187323
2019-02-04,574.0424194335938,576.7327691603633,552.3196086388238,554.5207606926173,25528059
2019-02-05,574.3314208984375,580.0456533746585,568.572780672687,574.5315526145657,20479210
2019-02-06,582.6470947265625,585.9377806905766,575.5321766709709,576.4215191646731,20586783
2019-02-07,573.820068359375,587.5162967228948,571.9079229435836,582.6469989486654,20150710
2019-02-08,568.1725463867188,578.3113456353781,565.7489995219256,571.3297709781081,14230054
2019-02-11,557.2999877929688,567.4165827641457,556.2994480427927,567.3721156501077,16457901
2019-02-12,558.7008056640625,565.7935190840021,556.5218574185877,556.5218574185877,13998153
2019-02-14,544.3819580078125,551.8526713645188,541.6249373017182,551.8526713645188,14496604
2019-02-15,553.3867797851562,555.810326626612,539.8461572542001,546.8499357176113,20994460
2019-02-18,542.558837890625,556.9666006579668,540.290955353684,555.8548632656433,21106139
2019-02-19,540.780029296875,551.274565434073,538.6010812612611,541.6249044942708,13658461
2019-02-20,548.8955078125,551.4079890010752,542.0695974945315,544.2263417435522,13776558
2019-02-21,554.4762573242188,559.3233510379694,546.6720707342224,549.6292229791139,23142949
2019-02-22,548.0061645507812,553.764804671846,545.1824135447996,553.4535348502544,19152470
2019-02-25,547.98388671875,552.7420462566317,542.8033192614208,549.6292293862924,17176522
2019-02-26,542.6255493164062,549.0957236865192,536.2888356877302,537.8451850368259,22160532
2019-02-27,544.0706176757812,553.5868766118792,537.6227082452347,546.0939603512974,24308835
2019-02-28,547.4280395507812,551.3412646659417,545.4269598752707,548.6287111035471,24688859
2019-03-01,545.2046508789062,552.453028929686,543.5149003151358,550.0739489514001,17329606
2019-03-05,550.3629760742188,551.3190487732026,541.8917231342477,544.0262041170199,15577500
2019-03-06,562.4362182617188,566.1271083197254,549.2291261191059,551.3191403320105,26332276
2019-03-07,564.8596801757812,569.1063789616119,559.4789808376285,562.0803962714617,17738092
2019-03-08,563.4589233398438,566.7273454629021,561.1910410246052,562.991988931222,13211934
2019-03-11,579.9122924804688,583.4252544303251,563.8591867487826,564.7707924193708,21258869
2019-03-12,592.0298461914062,593.2082544635542,584.4257317916117,585.6041400637596,24561597
2019-03-13,599.12255859375,604.7700011248371,590.5846347537425,594.5423268583403,24577591
2019-03-14,596.5656127929688,605.6594053107309,594.1420658815271,600.2120350971369,22753310
2019-03-15,587.7164306640625,604.2364100965389,583.0694684590887,598.0997697695152,34764353
2019-03-18,600.345458984375,603.8584800704158,590.9848634151969,591.874205781967,22104063
2019-03-19,612.1296997070312,613.6638452200248,597.2550009728678,604.7701232830253,21448030
2019-03-20,611.6404418945312,617.2212140144412,606.5488081067413,612.6854489247503,21639437
2019-03-22,596.6546020507812,614.0639844657932,594.4089827675687,610.3286275838059,25078643
2019-03-25,588.9616088867188,594.4757104943625,585.5153176451882,591.6964261280339,17394088
2019-03-26,607.9940185546875,609.9283678159212,591.4295129464958,591.5629142966276,20734876
2019-03-27,599.98974609375,612.7521657804966,597.7663307190293,612.7521657804966,22079870
2019-03-28,604.77001953125,609.1279751855097,597.1214971568348,600.4343864888832,22930248
2019-04-01,618.9332885742188,625.5812716150122,605.9040658511692,609.2169554334296,22088854
2019-04-02,617.9771728515625,623.9359447841351,613.7082107757865,621.6680623919196,17526740
2019-04-03,611.5292358398438,623.8914503447172,610.106228754018,619.3334225165113,17169813
2019-04-04,601.6795654296875,615.3091238561211,599.1003536850377,613.2191098091031,18320845
2019-04-05,602.0574951171875,606.504325853729,597.2104603007144,605.1925161296278,14717266
2019-04-08,591.0960083007812,603.6583552715974,588.6280535203862,602.9913484888758,19081843
2019-04-09,593.4083251953125,596.1875493766559,587.4272908474763,590.9403114289948,20774977
2019-04-10,592.052001953125,599.4337801704421,589.8730540519848,594.9646869015703,16651949
2019-04-11,598.9002685546875,601.6572893551589,590.9848837435666,592.7413646626808,12558520
2019-04-12,597.2548828125,603.3915230190657,594.3866647342375,600.3231732314594,12948769
2019-04-15,595.9430541992188,599.8562790788998,593.6529087106474,598.0997389733817,9285737
2019-04-16,597.5439453125,604.7700001515543,595.8763393939673,598.0997545833641,17360317
2019-04-18,616.3095703125,617.9993206473149,606.9934427550846,611.4402728997795,39286534
2019-04-22,598.2554321289062,607.8828302001219,596.4544248221322,604.770013246378,23607922
2019-04-23,606.4821166992188,610.5509471960839,598.5445280593867,599.4338704514936,19807450
2019-04-24,617.8882446289062,620.2450612802776,607.5493130403371,609.3503203942593,16101112
2019-04-25,610.2841186523438,628.07150005961,605.9262223781365,617.7103647867747,30469914
2019-04-26,619.3556518554688,620.7564551251317,609.528181305051,611.4403267472761,15069884
2019-04-30,619.3556518554688,620.9565274717629,607.7939043347865,620.9565274717629,22348580
2019-05-02,624.8030395507812,628.7384682810313,614.597510131298,618.9998732533446,18992003
2019-05-03,626.492919921875,630.3394745889589,623.7358988512833,626.0927158038522,14240262
2019-05-06,615.8427734375,623.8026261086325,612.8188902679944,621.6681447878402,15832114
2019-05-07,597.4327392578125,620.3339569377828,595.9652650685441,620.2450227062299,19417647
2019-05-08,577.8444213867188,595.8763417992864,574.6204663806473,595.8763417992864,31958919
2019-05-09,558.7230224609375,573.108520460313,556.6330086290789,573.108520460313,42670173
2019-05-10,556.3662719726562,568.1726192629694,553.6314549463908,562.5251167243712,24557430
2019-05-13,547.8727416992188,560.6573639690338,545.8493988853006,554.9209873160831,17603659
2019-05-14,560.5018920898438,564.4595850593032,547.6282731575496,549.8516888364004,28438234
2019-05-15,558.9230346679688,568.3058920280824,556.1215472776911,566.0824770867141,24419559
2019-05-16,562.6807250976562,565.5934103188847,559.4567700569194,560.2794414070868,14451308
2019-05-17,563.5924072265625,567.8391065367374,556.7442327926992,563.4145387341147,17276949
2019-05-20,589.6062622070312,594.8535597325218,579.6453318893945,584.1366884815584,26979100
2019-05-21,595.7874145507812,607.8828266181661,591.4517815790188,592.4078542813324,30343560
2019-05-22,596.0542602539062,604.6366519509965,593.697443508096,598.3888731238807,24689918
2019-05-23,593.163818359375,618.9999268330204,589.2061260447321,610.1062655891104,38766006
2019-05-24,594.4756469726562,602.0130316473468,585.4263208404058,599.4338793034989,22269265
2019-05-27,582.8248291015625,594.7646352281193,581.2017497397413,594.5867667703112,16076686
2019-05-28,588.6502685546875,593.5640337021803,584.0255693695124,586.893787642564,42594251
2019-05-29,583.8921508789062,592.8970095110765,579.934458605217,587.4273758435999,15558515
2019-05-30,591.318359375,596.7657294512053,585.3151206701258,585.3151206701258,23494381
2019-05-31,591.496337890625,596.7213733612587,587.0717106487731,594.9426290397537,25724066
2019-06-03,604.8590087890625,607.9940296272227,587.516298638274,593.6529389620333,18556942
2019-06-04,601.0569458007812,611.1068116046075,599.4783333814987,603.6360980885171,15442761
2019-06-06,590.2510986328125,605.6149325640446,587.4718148138544,605.6149325640446,16764835
2019-06-07,584.7149047851562,590.2067431026675,580.5793434541921,589.6286704820499,14722419
2019-06-10,586.604736328125,590.0954943640182,582.5803728426142,587.3829406264767,11768468
2019-06-11,591.051513671875,593.4305934724914,586.0933410981103,587.8053547784031,11492074
2019-06-12,592.3856201171875,595.1649041263249,589.2061320343628,593.5195613436267,10297599
2019-06-13,590.2066650390625,593.5195544412555,581.935543471113,591.4295404898774,15686169
2019-06-14,585.8932495117188,589.2061389915569,582.2690901931151,587.8275989083728,14942768
2019-06-17,570.2181396484375,586.9827186282585,568.5283297408919,586.9827186282585,14908257
2019-06-18,569.6400756835938,572.7306295845631,564.3483102839548,568.7062067925273,16797371
2019-06-19,568.0169067382812,578.97837779512,561.4578584462031,572.2636649065373,14492763
2019-06-20,576.6437377929688,578.0890081049911,568.3059458158605,569.1952881291243,10748848
2019-06-21,568.9729614257812,576.3102730992397,567.2164806453644,576.288009856738,23236832
2019-06-24,561.3688354492188,567.616612929062,559.012019211633,565.7044677988246,11267228
2019-06-25,576.24365234375,577.1997252115926,557.7447941029602,559.8126044598255,14966899
2019-06-26,575.487548828125,580.1345104815928,572.018995334044,574.086805107405,11593027
2019-06-27,566.593994140625,576.7105312192405,565.1931907910755,575.0429845151868,24905533
2019-06-28,557.2333984375,570.4627526979973,555.254522519952,567.9058042132716,18942165
2019-07-01,564.2371215820312,565.9268719949085,554.2761907260495,559.4344949342307,13478857
2019-07-02,568.5283813476562,569.6401188033373,561.7692004725765,566.5050975449429,10146746
2019-07-03,570.3292846679688,572.085824960274,566.9941913005933,570.484949272235,8806492
2019-07-04,570.97412109375,574.0869384125054,569.1953768214119,569.817975906356,9351405
2019-07-05,561.7913208007812,573.8645289266176,560.3016427013837,571.4631858784575,10926753
2019-07-08,556.7664184570312,563.9035985122777,555.0544047714505,559.4123009664904,14009219
2019-07-09,569.2398071289062,570.7517485679084,553.8537681265412,555.3879134410759,17535754
2019-07-10,568.6839599609375,573.3531259576268,564.1703991885711,569.2175653620112,12018196
2019-07-11,569.8845825195312,573.5532681405218,568.8840426899244,572.3081294799662,8608376
2019-07-12,569.417724609375,578.089050270766,568.3281911431877,570.5294025820405,15692436
2019-07-15,567.461181640625,573.4198950425914,564.9042329367624,571.4188150775958,10659498
2019-07-16,574.9762573242188,575.8211919875307,567.8835437708728,569.1731496419003,10070773
2019-07-17,570.0180053710938,576.7549817270252,569.1953339807314,575.5543101387531,9482233
2019-07-18,561.1243286132812,572.0413326152861,559.4123148851044,570.084720053663,11942908
2019-07-19,555.4102172851562,566.0603603946317,552.6086698009428,563.9481423693856,16336536
2019-07-22,569.417724609375,571.1964093656397,545.7605049272529,556.299508951372,29092589
2019-07-23,566.3271484375,575.3764145680664,560.4795147418307,571.418722404301,20316348
2019-07-24,559.9014282226562,568.661687557077,557.4334142294794,566.3048710383226,15189179
2019-07-25,547.6281127929688,564.3260184263826,545.6270333311229,562.0803401577128,21805071
2019-07-26,539.7572631835938,552.5196824605647,538.0674533045859,547.6281806669657,20387504
2019-07-29,538.4898681640625,543.4036327227004,535.8884529209053,541.135750521582,17626045
2019-07-30,525.127197265625,542.5143760427064,522.9260450730362,539.824026146295,20853117
2019-07-31,518.612548828125,526.9503408040927,516.9004758223577,522.8370435528417,21229950
2019-08-01,524.8381958007812,528.3734210380151,511.54211079766753,517.3452186160949,22628222
2019-08-02,529.8225708007812,536.0407802154169,519.8689802518164,525.9529875749496,23766807
2019-08-05,511.4811096191406,522.060975956449,504.61422731426813,522.060975956449,30399133
2019-08-06,504.74847412109375,514.2771215118842,501.9301703949488,507.6339087573893,29067994
2019-08-07,496.29351806640625,509.3338769283476,493.4751843934342,503.9432766269725,25349369
2019-08-08,515.50732421875,518.0348268120429,489.9858131797809,495.8237534899631,31198568
2019-08-09,519.8690185546875,525.8635582584843,515.4849637925847,519.7572133327016,21970009
2019-08-13,570.263427734375,582.8116539527516,548.4549569719392,551.6535302947624,104827144
2019-08-14,576.302734375,583.5498281536987,572.7686257046664,583.3485548327749,31688983
2019-08-16,571.71728515625,577.8907613008839,569.4805236306593,577.6223570848148,21977767
2019-08-19,578.2486572265625,580.1275465408661,572.6119892836517,573.0817265434819,16317602
2019-08-20,570.8002319335938,578.2486582851755,569.3016118006965,576.996105223358,14969299
2019-08-21,568.5634155273438,572.0080555654605,566.5727211691215,570.6659748321008,10677848
2019-08-22,557.737548828125,568.5858220652894,554.2258371735678,568.5634849082636,14031953
2019-08-23,570.7554321289062,574.4013453869694,548.6785598455581,554.2704931165212,21307915
2019-08-26,566.7069702148438,578.874926990228,563.2175958540626,578.874926990228,19202504
2019-08-27,570.3079833984375,574.8485764487846,564.2015800488343,574.8485764487846,28401906
2019-08-28,565.1412353515625,573.0593990833148,561.8979279657484,569.8160916975007,11605488
2019-08-29,555.5006713867188,563.7767057901501,552.6152368804542,562.0767529347145,18890222
2019-08-30,558.5426635742188,561.1596939883926,546.2181094841907,557.1782457593526,24735240
2019-09-03,539.6867065429688,556.0598380964859,536.8236093874344,555.7243030341181,18730619
2019-09-04,537.3382568359375,539.172412255259,530.58323742089,537.0698525879911,32949395
2019-09-05,536.1974487304688,542.728797205738,533.8264850813998,539.865759157337,22995486
2019-09-06,546.88916015625,549.796991849655,534.6988072637425,538.1657845260604,23186819
2019-09-09,546.7549438476562,551.5863388996204,542.7064242418458,546.0615364682053,11747929
2019-09-11,552.212646484375,554.7178119472804,546.8891176163188,546.8891176163188,12127900
2019-09-12,541.4537963867188,554.9190983976177,539.3736340317583,552.4810637858907,11880005
2019-09-13,548.2760009765625,549.5732880390341,539.9104972253901,542.1919928188903,12947715
2019-09-16,541.6327514648438,545.3681328630463,530.6054836798681,531.9028303810459,20547730
2019-09-17,535.6829833984375,541.7446544223395,533.915959082345,541.7446544223395,15640772
2019-09-18,539.3737182617188,544.1156458544061,535.571205489745,539.0381831060973,14933909
2019-09-19,527.45166015625,541.1630300871835,524.5886221931479,540.3354205777293,13766222
2019-09-20,561.1373291015625,568.0936803911683,525.3267496017127,531.4330945245753,48165560
2019-09-23,554.3599853515625,573.0593493887246,552.4810961684015,569.994978423035,21610844
2019-09-24,572.030517578125,581.0222991967601,555.9481810468388,556.3284502780455,34958974
2019-09-25,572.4107055664062,579.32232332458,567.6240441545225,574.4014000766002,18192270
2019-09-26,580.1275024414062,581.0221831301985,574.1776966858998,577.9802090632921,18350457
2019-09-27,585.6074829101562,588.2692471465607,574.4012804806327,578.20379228621,19058663
2019-09-30,595.9861450195312,597.5518958958941,584.0417998862946,586.0325539376727,25263770
2019-10-01,583.7510986328125,600.3479037772651,578.5617712854157,598.1111422538224,17920384
2019-10-03,586.5023193359375,588.1351414776207,573.1935556971858,575.296115069358,13524851
2019-10-04,585.1825561523438,594.3533316552545,583.2813298639416,590.4613512863376,14992253
2019-10-07,586.0772705078125,590.8639313350587,582.3194924065126,585.1825301515461,10061584
2019-10-09,592.6310424804688,594.9573319134045,578.2039269700573,585.4510800476256,17588647
2019-10-10,609.6304321289062,612.4263389969542,590.9534063442875,592.7428273528446,35006390
2019-10-11,605.0897216796875,610.9053244795671,597.9097011668562,610.0553182247747,16597126
2019-10-14,607.5054931640625,610.6145980694955,604.3069201919269,610.6145980694955,13394275
2019-10-15,610.2567749023438,612.8738056514717,605.8503229501799,609.5186334301526,9672791
2019-10-16,613.925048828125,617.1906930560849,610.0554055497727,612.8290351255885,19403660
2019-10-17,624.7285766601562,625.8469872240627,613.768439813928,615.1105205456134,16038940
2019-10-18,633.6085815429688,638.7755119795819,625.7128152032572,628.0837788207052,28121951
2019-10-22,632.6244506835938,642.7793159767306,627.7929955153656,637.4781832827847,27786502
2019-10-23,622.8944091796875,637.9031250769546,618.756421570499,633.586201337099,18446160
2019-10-24,642.600341796875,644.814766083547,620.2774614179121,626.7416786905978,22642488
2019-10-25,640.251708984375,644.8370366166074,631.327001295776,644.6804973751445,13539957
2019-10-27,641.6161499023438,646.4252075816162,639.7148639837899,644.635786603863,3014841
2019-10-29,656.2893676757812,662.0825743744294,645.1278977377407,646.6489146143203,25768505
2019-10-30,661.679931640625,664.1180259398081,653.2696948361131,662.0825379232862,16341366
2019-10-31,655.0814819335938,666.3995507299683,653.8960001863959,663.8719882562208,19463741
2019-11-01,651.7486572265625,653.9406844204912,644.6357672850404,650.8987106569805,13904301
2019-11-04,652.084228515625,658.0563711617599,646.4699581291821,655.7748757812135,14063434
2019-11-05,647.4541015625,657.1392882739638,644.6357978154026,654.522317533806,12685356
2019-11-06,641.9069213867188,647.0738515591739,639.0438835228734,645.3962954434453,14625505
2019-11-07,652.5091552734375,654.4774524712429,640.699013736587,641.9516262238297,14084039
2019-11-08,646.64892578125,652.9789409956463,644.7700366012668,648.2146767187381,12019353
2019-11-11,638.7307739257812,646.0897317907238,636.3821474784538,643.7858393788213,11357841
2019-11-13,658.6380004882812,660.2484855944018,639.7149647351628,639.7149647351628,25225749
2019-11-14,654.36572265625,662.7982967967988,651.2566178185523,660.2931312586918,14258133
2019-11-15,657.9893188476562,665.1246062674503,654.5446787993037,655.6630893679287,15691605
2019-11-18,652.7776489257812,664.7666684900898,651.0776959332642,658.7945257246133,14076051
2019-11-19,675.391357421875,677.6952498210799,655.3723092919387,656.2669899955055,30176255
2019-11-20,692.3460083007812,703.4180100751444,690.3553139483255,695.6564462284737,43538120
2019-11-21,687.8501586914062,696.0814605906284,683.8016386613623,691.1605969563176,14897371
2019-11-22,691.83154296875,702.1206693826493,687.8500945047838,689.8631857536991,22352865
2019-11-25,698.5642700195312,700.0181560781981,693.8446798240759,693.9118107417911,15146156
2019-11-26,697.9827270507812,705.1850861463569,696.0814409003852,701.4944385250221,35330983
2019-11-27,702.2772827148438,704.8048452673582,696.1261438952308,697.8484938217292,9642739
2019-11-28,706.9520874023438,708.67437747895,699.6378642088222,703.5297846773857,13747479
2019-11-29,693.9117431640625,707.6901835082276,692.4354603682556,707.6901835082276,18559594
2019-12-02,709.7257080078125,722.2291992065935,705.4758552570175,715.7649818734178,31225364
2019-12-03,706.3258056640625,713.0808241214206,703.5075017351681,712.5216785466492,12990426
2019-12-04,694.605224609375,705.6995644648412,686.1278557937455,703.6864730649567,20987607
2019-12-05,693.7776489257812,706.7061446633726,690.7132776391448,704.1338478101695,19942460
2019-12-06,695.5892944335938,701.4496318188408,689.4158188233732,694.7393478229513,13085234
2019-12-09,703.5075073242188,705.6548007454388,691.8315657510143,696.1485494736302,12642677
2019-12-10,698.7431640625,703.9548283487694,695.2537899519466,703.2614209575684,10173333
2019-12-11,698.9444580078125,704.357395282487,693.6656631029554,695.902424408401,12364641
2019-12-12,701.5391235351562,704.0666860237436,696.3721933363692,702.4562010874308,10326606
2019-12-13,708.115234375,711.2914703427954,703.4180412015133,706.8178876216022,12668303
2019-12-16,700.8233642578125,713.0360538117269,699.8168186594121,712.1861071903043,11892718
2019-12-17,699.0786743164062,706.3705007919149,695.8801014038346,700.8904324959013,20324601
2019-12-18,704.9613647460938,706.8178569998239,698.7655517905632,699.212892125798,14742077
2019-12-19,720.2161865234375,722.4306110725166,703.1497024679876,703.9996492209058,20507816
2019-12-20,715.3623046875,723.6159423177721,714.0202240531031,722.4751946822872,21271510
2019-12-23,702.9706420898438,705.7218149032799,696.8866346005615,697.9155173301782,25107772
2019-12-24,691.8092651367188,703.2614774131188,690.0421810600255,701.8523253630461,18048449
2019-12-26,677.9189453125,694.7170240868594,675.570318790412,689.6619584729085,29761019
2019-12-27,689.97509765625,691.6973879397483,680.5583141243674,683.1082139531873,17677571
2019-12-30,690.8026733398438,692.3460274000547,683.5779176956529,691.5855488098815,17123749
2019-12-31,677.31494140625,690.5789702805088,674.6308397260912,689.8184320015399,22203005
2020-01-01,675.3241577148438,683.1528519736394,673.4900624593615,679.0819357370663,14004468
2020-01-02,686.8212280273438,689.3487905881979,676.397899264457,676.397899264457,17710316
2020-01-03,687.64892578125,689.6620173362833,681.3188499893047,685.7923735060406,20984698
2020-01-06,671.70068359375,683.5107670428088,670.13493269889,679.9767186772816,24519177
2020-01-07,682.0345458984375,686.4633346701793,677.0688889990518,679.5293205694625,16683622
2020-01-08,676.9124145507812,686.4410035098094,675.5032624964547,677.7400241132464,16047902
2020-01-09,692.5025634765625,693.3972440896104,685.0094043047601,688.2974451452224,14982742
2020-01-10,692.3460083007812,696.9537331994524,688.7671661721967,694.247234586273,12478359
2020-01-13,690.5789794921875,697.2892636445985,688.2080160085029,691.182918802657,18282382
2020-01-14,684.1818237304688,693.3972733335526,680.8043146862556,688.9237506296278,15816535
2020-01-15,681.6990356445312,688.8790573291237,679.1938699492092,687.0672990416617,15817859
2020-01-16,687.9843139648438,690.4224084594933,683.55552505049,684.0029251254354,12847975
2020-01-17,707.2652587890625,709.0322829800654,694.8288390890643,694.9630411899628,29463471
2020-01-20,685.5015258789062,719.7911481994419,682.839761284159,719.7911481994419,32545850
2020-01-21,686.1950073242188,691.5408742450458,680.8714775601642,683.8240435553602,18922720
2020-01-22,685.9488525390625,691.9433921150559,684.9423069375898,690.7131763493682,10322817
2020-01-23,683.0411376953125,689.796156393504,680.2899048582964,687.3580618125278,11247739
2020-01-24,680.670166015625,687.2909825261135,679.3280852091012,683.1082008428737,14628445
2020-01-27,673.9598388671875,681.9674704241261,673.2664314282462,677.6952802850295,13387750
2020-01-28,658.3919677734375,675.5032444510476,654.7460541997162,674.8769082130656,24532236
2020-01-29,662.0155029296875,668.5244541677285,654.9472866809749,659.4208095162297,24746565
2020-01-30,645.8660278320312,661.9483606637074,644.1884717288344,661.6352224321117,22402689
2020-01-31,631.506103515625,650.1160022926447,629.5154088076667,650.0041373264569,34750310
2020-02-03,619.8077392578125,626.2720164126083,609.7646795449248,612.8290505582687,30712290
2020-02-04,638.1045532226562,640.8333893471847,625.3102596223829,626.2944084877797,25383901
2020-02-05,647.9909057617188,649.9145288544571,639.849132797698,641.9068982608502,18472100
2020-02-06,652.1513671875,656.267018049872,644.2332634474068,650.496207815146,15538577
2020-02-07,641.3478393554688,649.7133433335028,638.9544787429636,649.1094039600182,12209212
2020-02-10,642.2201538085938,646.6489428047836,630.9692153123326,638.8202476362594,15142476
2020-02-11,649.8922729492188,655.9091502920886,646.4476326193693,647.4989123607826,13999816
2020-02-12,657.7432861328125,659.7787743619559,650.8987994375913,651.4132707150139,13533565
2020-02-13,659.4654541015625,661.0759388268148,654.2985245799224,661.0759388268148,13565659
2020-02-14,665.482421875,671.6782343336056,650.0487037471439,660.8523004641426,21227841
2020-02-17,661.2997436523438,673.7808982963232,659.5327193324579,666.108801931165,13149130
2020-02-18,656.4459228515625,660.248435272722,651.9723999060855,660.248435272722,11127161
2020-02-19,672.7295532226562,673.9150349477495,659.8905275306022,661.7917537765035,14084409
2020-02-20,664.744384765625,674.6085086758875,663.7825731086709,669.6876451612479,16892268
2020-02-24,646.40283203125,660.7404777544862,643.9871345353313,657.4971707893623,21370214
2020-02-25,633.6309814453125,649.2883120922913,630.7678836964259,649.2883120922913,27745062
2020-02-26,622.7155151367188,631.8191601622372,620.6353526146177,630.7678804610105,29362748
2020-02-27,620.1432495117188,623.5207586374837,612.4263599498594,620.9260652375485,25054993
2020-02-28,594.3756103515625,607.0580958283585,592.7427884250544,606.1186214911856,39315769
2020-03-02,588.7838134765625,612.426378055896,582.0511321802886,606.2081680239584,29500495
2020-03-03,600.7280883789062,605.6713484615526,591.4007735026032,594.8454135797672,27398798
2020-03-04,599.3189086914062,605.6265863851147,585.0930684252744,604.8213738082619,22105261
2020-03-05,586.547119140625,607.4832471398267,584.2432264899035,604.9109502487335,30510390
2020-03-06,568.5857543945312,576.2579099445863,555.2099199542964,568.1384140570675,33734039
2020-03-09,498.41845703125,555.1651920392663,489.85165057435484,554.7401888514859,88187018
2020-03-11,516.044189453125,527.183262933386,495.6672390040311,495.6672390040311,59578576
2020-03-12,475.5363464355469,492.5357574215292,469.13920029845366,485.3781326945414,55970485
2020-03-13,494.4593505859375,509.982477758339,421.5855519763993,446.45836059532905,73297403
2020-03-16,454.3765563964844,483.00714524632815,449.58986531183916,474.4403385952524,38482258
2020-03-17,450.9319152832031,474.19426900063905,448.78462201274766,468.49050072051966,45445979
2020-03-18,433.261474609375,463.4130789981454,429.90633253193516,458.6711221665263,44730415
2020-03-19,410.53594970703125,432.5904563115507,399.128442171934,411.60959642106957,61404010
2020-03-20,455.3830871582031,462.9657149231966,416.03836966442924,420.2882223245293,63360475
2020-03-23,395.48248291015625,424.9854120443488,391.7247049147837,409.86486186475844,40670949
2020-03-24,422.032958984375,433.93254185914833,400.7389591466198,416.03841857668414,45734887
2020-03-25,484.14788818359375,515.1494403179707,430.91289363718744,431.15893082862937,73130298
2020-03-26,476.9678649902344,499.6486775382283,466.2984990986507,490.20952746231364,45744488
2020-03-27,476.699462890625,495.3540929516579,468.0208212280606,489.8516573515531,41657940
2020-03-30,460.9749450683594,480.81505447823497,456.3001195499544,465.5155983611795,30229866
2020-03-31,498.239501953125,505.4194933506304,468.8260394087323,480.43484934010263,44292810
2020-04-01,483.3426818847656,503.09329603601816,467.5734864710347,502.04201634176945,41597459
2020-04-03,482.0006408691406,507.4997897099809,472.5391228402064,507.4997897099809,41367807
2020-04-07,539.5526123046875,543.086660841312,492.08842686836795,493.0278714782651,54373624
2020-04-08,533.31201171875,549.7970116946221,518.9296308909336,527.8766770166352,49880330
2020-04-09,545.7483520507812,551.4968241624882,533.692202595293,543.0865877041133,33032857
2020-04-13,531.969970703125,543.534047096568,527.8766572382242,538.590786977077,23673784
2020-04-15,514.3888549804688,552.9283228822885,511.3244846445434,535.5039122780124,35321842
2020-04-16,522.53076171875,531.2094028193618,512.2192985890305,514.3889290016788,37455706
2020-04-17,547.5601196289062,550.2442808995188,533.535612903734,543.9813374764348,33269335
2020-04-20,556.4177856445312,562.3227974116861,537.7184224485133,548.4548889228998,36030932
2020-04-21,553.5324096679688,560.0860954670951,520.719067459836,541.2972622124873,61371628
2020-04-22,610.0106201171875,619.5392672425052,581.5590002828025,590.506045286382,142683366
2020-04-23,613.2764282226562,619.964375961398,605.4029986108286,611.6883400063555,65464502
2020-04-24,633.8992919921875,668.7704533015283,602.6740436590786,603.9937273862114,134986308
2020-04-27,639.6030883789062,659.8458058753123,636.5834515375906,641.5043146604703,58482901
2020-04-28,638.8873901367188,651.1000807620374,622.7826591494636,648.6620459031445,78453401
2020-04-29,638.3504638671875,650.294808910519,635.2413590168171,646.3804914740855,37494672
2020-04-30,655.8197021484375,668.7705945819996,643.3162098274911,650.4291011653437,71345899
2020-05-04,642.0411376953125,655.372237059235,634.100578563775,644.1884308722197,53456868
2020-05-05,653.4262084960938,661.6351717003255,647.4093321949724,650.3171635725639,44903763
2020-05-06,653.4710693359375,664.2970042488814,646.6489200756587,654.9249553114857,40489094
2020-05-07,674.1387939453125,677.1360939711861,646.4253105657003,650.8988338602702,50026966
2020-05-08,698.6761474609375,706.7731874423821,687.6264818225529,691.1605902433332,84262770
2020-05-11,705.3863525390625,722.475230772329,703.3732613494101,706.817841580586,67085063
2020-05-12,661.7471313476562,701.6063555726146,655.3723813215827,700.0182075617154,100683202
2020-05-13,675.7871704101562,689.5833490177412,656.6169951579172,689.5833490177412,66430125
2020-05-14,648.4658203125,675.9001491489479,645.8014275181612,663.3909829522006,49266771
2020-05-15,659.0556030273438,662.3522442657764,639.0499950684349,652.1010439801705,62152260
2020-05-18,650.6334228515625,669.2616544401022,644.875632962838,663.842565100716,62796089
2020-05-19,636.2501220703125,660.0943173105137,633.6986696085636,657.9718098763932,42315854
2020-05-20,647.44970703125,653.3881649537279,629.0698124523583,636.7469251931129,55320985
2020-05-21,650.8592529296875,659.981412669229,643.5208404585119,648.0367682176926,39167981
2020-05-22,646.4788208007812,658.4234659784153,644.1982807272651,655.6236168765307,37828973
2020-05-26,643.0918579101562,654.6752261523151,639.5919719683144,653.9752489639468,33216635
2020-05-27,652.8010864257812,656.61703698639,637.6501047337907,646.2303793438942,35667956
2020-05-28,664.8585815429688,668.2455271815335,654.359044090917,657.0685886567666,40126278
2020-05-29,661.3135986328125,664.7456963541632,656.007389810822,662.9393134152917,40022527
2020-06-01,686.5802612304688,694.7089545568629,666.5295002853659,668.358459270055,39943702
2020-06-02,693.51220703125,695.4541060723005,686.7834677262479,689.1317954741431,22153960
2020-06-03,696.19921875,704.4859445214847,692.4509368094127,697.712053268636,25381289
2020-06-04,713.4275512695312,717.8080227909754,695.9057249087699,697.2604674305974,34202350
2020-06-05,714.2854614257812,730.6783035409757,710.6726957536978,720.2916470274907,33076685
2020-06-08,708.776123046875,730.859089589277,706.7439793566319,730.859089589277,31414953
2020-06-09,694.1670532226562,714.8726404733965,692.29294201313,704.6214390965813,25857161
2020-06-10,709.9728393554688,713.3146329578219,695.4766830422209,696.8540015463917,22132647
2020-06-11,694.4154663085938,708.0761301554923,691.3897970340737,707.1955445300772,20385805
2020-06-12,717.4918823242188,719.3885695925972,676.0355556331963,677.3903578499011,38548899
2020-06-15,729.1204223632812,734.7201801016447,704.9827364804711,706.7439674657269,53107403
2020-06-16,730.5428466796875,744.474480971934,715.9111755811775,741.9681807809915,51187003
2020-06-17,729.481689453125,738.5586972066078,723.4980791176175,726.2753520321108,41782053
2020-06-18,747.7936401367188,751.903138369504,725.078489739565,725.7107386138404,40471557
2020-06-19,794.53369140625,807.8105013724783,750.5484911968546,754.1611973181019,105804173
2020-06-22,788.550048828125,814.7650268662464,783.5147529061562,800.8559685231744,60198705
2020-06-23,777.1473999023438,796.4981855618333,774.9797401799827,790.2887548472605,37962078
2020-06-24,780.2859497070312,800.539956785878,772.9927488541816,783.9212919679801,51586221
2020-06-25,775.7926025390625,789.8371789860777,773.6023667469223,779.9021017250843,39679374
2020-06-26,786.5178833007812,791.1919028764127,775.3860969939733,780.7149415817722,30921913
2020-06-29,778.1635131835938,785.6599583746296,774.7314151012546,780.3763250508288,25621946
2020-06-30,769.560546875,786.2243018289918,765.6993848508981,784.4179786955026,30276420
2020-07-01,784.68896484375,789.8371415415186,771.3443662186169,776.7409392467646,28464103
2020-07-02,798.1976928710938,801.485081567038,786.725864305351,790.3306639056832,28789533
2020-07-03,810.689697265625,813.0022452904714,801.6664242784979,807.0168938963399,29434266
2020-07-06,839.6640625,842.4753051236336,812.5941809641026,818.4434654093601,47016185
2020-07-07,826.8092041015625,845.3545651080822,819.0329064848479,843.3821557977242,35189589
2020-07-08,815.2694091796875,832.0236438535034,811.6419416064408,827.0812567649883,26204095
2020-07-09,827.1719360351562,832.0463193953086,809.9415548565688,820.257139626406,36418942
2020-07-10,851.5665893554688,854.5365672443328,827.1719444149811,829.0990778284718,43759967
2020-07-13,877.3894653320312,883.1480175589572,861.5193398778321,863.0383306607164,69608392
2020-07-14,869.2276611328125,880.4274142346037,855.7607559028243,876.9360143495126,67331128
2020-07-15,836.127197265625,897.2497559791088,815.2694086530637,878.7270634112394,139669773
2020-07-16,835.855224609375,847.463061457531,821.8214999600007,837.4875551151266,60961724
2020-07-17,866.8245239257812,870.5879989548259,833.4066071401047,836.5806561826539,49726765
2020-07-20,870.5426025390625,876.0291396123432,861.3606541786958,869.5904298045907,36592938
2020-07-21,893.96240234375,896.4336259674744,878.0696681167741,879.2032442811862,42173371
2020-07-22,908.6763305664062,911.3969015052352,889.0427280371777,899.1542423284164,59771457
2020-07-23,933.0709228515625,943.0010338235651,902.9403911340319,908.6536081303097,58333751
2020-07-24,973.1314697265625,980.771759562493,933.0708309814001,933.161502678431,120597372
2020-07-27,977.6884765625,997.004667049382,964.8563920667285,987.9360577935167,80304827
2020-07-28,987.437255859375,994.8281988813131,975.1719293046234,977.688488793748,55114422
2020-07-29,950.6866455078125,989.7497164572247,938.806733983119,987.5279599955765,72663399
2020-07-30,956.2185668945312,970.2068959629854,939.5096069794463,951.7522658851112,72857444
2020-07-31,937.2877197265625,965.3551074174673,930.8036739652497,958.7803899595893,74958061
2020-08-03,910.9434204101562,932.7081063612384,908.2681255398212,930.1235431581412,46715383
2020-08-04,975.1492309570312,982.5855095976556,906.9758674005031,916.2032119273854,92041055
2020-08-05,964.1989135742188,995.7350350128565,960.5034420662862,983.4924363615606,74549993
2020-08-06,967.6676635742188,982.9029683593162,955.7424156591269,978.0512526670176,49322975
2020-08-07,973.2675170898438,978.41397565965,961.3649973579197,965.7178986420788,32984416
2020-08-10,961.206298828125,981.6787342996001,955.8784966522267,979.0034992486231,26958997
2020-08-11,967.5316162109375,979.4115277857607,952.3643158271037,967.9850346750636,46828306
2020-08-12,964.7202758789062,972.6100326976989,955.2889203298892,961.7276301780031,30264617
2020-08-13,962.203857421875,969.8441477839456,956.7399877786922,964.9017603707093,24830322
2020-08-14,958.4630126953125,978.0512181796919,947.331262509623,962.4304992398274,33224635
2020-08-17,948.283447265625,954.472749949031,938.6480204856721,954.472749949031,30979066
2020-08-18,960.6168212890625,967.7583570068861,944.2026051100721,945.4041850307872,30547672
2020-08-19,966.5113525390625,976.690929595431,961.8863763924035,970.7963098232202,34087543
2020-08-20,950.8680419921875,963.0426971858464,946.7644877423543,961.2742991196269,22537845
2020-08-21,943.9758911132812,962.1811736813316,941.7767425366628,960.3674398053548,25280895
2020-08-24,950.278564453125,954.2460509640609,938.8294034471639,948.3061551600297,32717218
2020-08-25,944.0891723632812,957.3293988551819,942.2301027513665,954.926179130093,19388008
2020-08-26,969.1185913085938,973.9476387792452,928.1737834196999,945.404164454041,59870421
2020-08-27,957.0120849609375,974.8772893855145,953.6793600760861,973.9703924276448,28085062
2020-08-28,959.5286254882812,967.1235800231681,955.0396565450244,961.2742956541758,27166900
2020-08-31,943.4544067382812,985.7595292256586,934.2270624878475,985.7595292256586,62076132
2020-09-01,946.4244995117188,962.362570645799,935.1566809280985,952.2057203430994,38616258
2020-09-02,964.992431640625,969.4360647157956,945.4042254030269,948.5782147606872,26949439
2020-09-03,957.692138671875,969.7760610777761,953.5659168770757,964.9016778588206,18586429
2020-09-04,941.8900756835938,950.8226774812872,939.6002554209449,944.7467140146105,28475945
2020-09-07,944.338623046875,954.8128835439741,926.9268380792043,944.950776960414,21926473
2020-09-08,955.425048828125,961.7276915670202,943.3637335909106,948.578195976428,27397082
2020-09-09,980.023681640625,982.9483238635318,943.7945186882138,945.4042412879571,55310877
2020-09-10,1049.2398681640625,1063.2735913062183,986.3715829983507,989.8857107486725,140304404
2020-09-11,1051.84716796875,1060.0542764084548,1037.042733630043,1048.3331597240744,59470807
2020-09-14,1044.04833984375,1070.0979877970385,1034.7302619381398,1054.2279189798085,44063445
2020-09-15,1051.4390869140625,1054.5677402462597,1037.5187024549093,1048.3104335818653,27178393
2020-09-16,1054.0235595703125,1074.3372576523657,1047.6755813917168,1051.9604186878269,33952295
2020-09-17,1042.3251953125,1058.17259404091,1039.1964218842008,1051.9605029718427,25828669
2020-09-18,1045.4764404296875,1051.7110790333331,1032.2588818564082,1049.3532551234189,33074915
2020-09-21,1022.8729858398438,1059.2154272970997,1019.0187188937507,1042.8918823662696,33627381
2020-09-22,1002.6044921875,1032.462885418295,998.2515311852266,1032.462885418295,34792254
2020-09-23,1011.5143432617188,1032.3495230627832,999.9519032941756,1024.7545693680095,42988708
2020-09-24,989.0242919921875,1009.3379310241465,986.6890759494188,1001.1308828752752,29826318
2020-09-25,998.3196411132812,1003.3527603033637,982.7216491326262,992.5610883137335,28374935
2020-09-28,1004.9169921875,1014.7791583315967,1000.7454344947183,1009.7913754651387,19666849
2020-09-29,1017.9758911132812,1026.5683543037608,1004.9170669476492,1008.8846136182149,25842539
2020-09-30,1013.1241455078125,1027.928578554187,1008.8845241351473,1024.754589473698,24465159
2020-10-01,1008.9979248046875,1026.4776536649397,1003.8968020817645,1026.4776536649397,20783227
2020-10-05,1003.0806274414062,1019.8348626021702,1000.2693849664739,1017.4997065200467,18922799
2020-10-06,1002.2417602539062,1012.9200316663944,998.2968817912705,1008.9978810960307,18412175
2020-10-07,1023.62109375,1046.9727737786616,1006.6173920088511,1013.4188487180892,53170865
2020-10-08,1015.3458862304688,1028.3821018510423,1007.5695886566497,1024.301155767066,21077808
2020-10-09,1012.7160034179688,1021.5806008725526,1005.3023929613358,1013.4188289931045,18545499
2020-10-12,1014.3483276367188,1022.8274503983472,1009.4513365004996,1013.4188228288398,14226473
2020-10-13,1034.1407470703125,1036.4305673579886,1009.2699549272937,1011.423767661742,23112012
2020-10-14,1037.2239990234375,1044.7056133384592,1028.608748631058,1033.3245163972065,26742011
2020-10-15,1000.4960327148438,1038.3575230267356,995.2815705789496,1038.3575230267356,20036197
2020-10-16,986.5757446289062,1012.285249528179,985.1474254749343,1004.3502763795697,21583600
2020-10-19,986.7569580078125,1010.5621141891309,977.2122635939937,993.0369918919336,31200385
2020-10-20,977.552490234375,994.3747895538761,975.8974318290545,988.0267509433463,18482288
2020-10-21,963.3600463867188,993.9213260213652,951.1853919731954,983.0389831777511,34082321
2020-10-22,955.35693359375,966.9421018379,948.1247264007278,964.6296137675083,30802210
2020-10-23,958.1228637695312,968.075641258265,950.5732459566598,954.9261468747568,23422125
2020-10-26,920.057373046875,953.0898169372152,915.2509933655792,953.0898169372152,37324416
2020-10-27,922.5059814453125,934.0004191107241,909.129746090359,922.6873248555474,36478896
2020-10-28,912.0543823242188,933.0255722059666,910.2179804673768,925.8159723353803,29924017
2020-10-29,919.0597534179688,925.9066057760115,902.781605556934,905.5021761803395,30655304
2020-10-30,931.574462890625,936.3808421846666,916.7472424236149,922.0523759951716,34021563
2020-11-02,851.2945556640625,919.1051761545775,842.9967754989971,919.1051761545775,99366895
2020-11-03,839.0292358398438,865.6003029117848,832.0917710410919,856.9851117444604,88691623
2020-11-04,867.5046997070312,874.6689636295238,832.9532636853438,832.9532636853438,80180117
2020-11-05,886.4580688476562,889.1559715685411,876.029144746573,886.4354009237527,37205373
2020-11-06,920.080078125,924.9997976298749,896.9550756882459,902.3282736472202,66674086
2020-11-09,929.8514404296875,938.1492199552745,923.1859913130511,935.0205666821017,35838510
2020-11-10,945.2001342773438,947.6713579150476,925.5439246746041,941.7767378395364,36934242
2020-11-11,905.5928955078125,949.9384928452779,896.9323689240059,947.2179220787752,56724780
2020-11-12,897.7938232421875,910.6939707303043,890.9923666961812,898.2473016530297,40046527
2020-11-13,905.2301025390625,923.4807196009718,898.5873814202945,898.7007210390979,45388670
2020-11-14,907.9053955078125,913.8000155522184,904.7540741586882,913.6186721505104,5226220
2020-11-17,903.8018188476562,945.4041769988106,900.0610116001939,945.4041769988106,46542562
2020-11-18,901.05859375,909.8098520291383,888.7705994600573,903.8018324500739,30402290
2020-11-19,894.6878662109375,911.6008364153229,892.4433818817643,901.0585724391551,27796343
2020-11-20,861.2926635742188,899.5169003772073,859.2521905953536,895.5266860839987,57471248
2020-11-23,884.5083618164062,893.2595600473776,873.4219475565428,884.644369365096,45327567
2020-11-24,890.5616455078125,895.0732820966707,876.0291671598031,890.538977583329,30936268
2020-11-25,883.193359375,903.6657931642695,880.654192057057,897.7938413094128,32637879
2020-11-26,885.369873046875,890.9924179780169,875.1450197156285,885.5739443403047,25838637
2020-11-27,875.0316162109375,886.956863707273,871.2228051404243,879.8833317328676,47336811
2020-12-01,886.412841796875,891.5593007073751,875.1450831922687,879.8153957062484,19750687
2020-12-02,887.8864135742188,889.6321436054803,877.3894853981996,888.0450890461269,22188887
2020-12-03,890.5616455078125,898.2926670858094,888.1130898872199,894.166445181224,27785372
2020-12-04,882.71728515625,892.8061306985533,879.6566356036066,892.8061306985533,18464552
2020-12-07,887.9090576171875,890.9923750186222,879.9286890581647,879.9286890581647,18242188
2020-12-08,904.028564453125,913.3239128258733,884.1909519390108,889.2467387240156,43403061
2020-12-09,919.0824584960938,922.1885038844979,906.5224492987908,911.3741647568241,29175254
2020-12-10,910.0365600585938,919.7853272816659,907.3159891974719,916.6566737897788,16065507
2020-12-11,909.492431640625,924.0929139357568,895.1866323672836,912.7570925495094,26944202
2020-12-14,902.9176635742188,913.6639990942831,900.6731791916262,910.4672819578382,17312747
2020-12-15,895.2320556640625,902.1921882018914,889.2240359631435,902.1921882018914,18551265
2020-12-16,896.2295532226562,904.5727289498443,891.3098338764274,901.4213476389596,18561011
2020-12-17,900.3331298828125,909.1297243018021,896.5016507528353,899.8343755485606,20252358
2020-12-18,903.031005859375,909.0843613071538,890.9924186751066,897.8392714360722,18466344
2020-12-21,879.5206298828125,916.8380330457733,841.228385961526,911.396891229463,44135540
2020-12-22,878.160400390625,888.2265790134423,856.2823129435187,883.7376098965668,28140001
2020-12-23,881.4024047851562,884.8484691755272,870.8827482738318,875.1223699613015,19501410
2020-12-24,904.2100219726562,906.3184389463692,882.3319351071959,882.8306894509022,20776988
2020-12-28,908.35888671875,915.0243362502358,904.7314189530317,909.900545527166,17221499
2020-12-29,902.3508911132812,912.4397367118075,898.9501027379986,910.943413813905,18611939
2020-12-30,904.8220825195312,910.1272165991579,895.7761410801606,904.7087428928894,22043630
2020-12-31,900.1971435546875,912.2583993085362,897.1591616899547,903.9152831436563,18781189
2021-01-01,901.194580078125,905.5021450865967,898.7006887776097,901.4212593075945,10015175
2021-01-04,902.713623046875,906.3636985650919,892.3527025549105,904.6406964491767,24513534
2021-01-05,891.4911499023438,899.4261822629604,886.9114498823324,892.806069337439,24123091
2021-01-06,867.9807739257812,891.4457932255564,863.854552119663,891.4004573776713,46401468
2021-01-07,866.5751342773438,881.9237776804218,863.854563591743,870.8146957594764,32325918
2021-01-08,876.800048828125,878.9311936650147,867.0059456976594,869.6811807226603,27540187
2021-01-11,860.2724609375,879.1125050229124,858.1186482532938,879.1125050229124,33307825
2021-01-12,887.3876342773438,888.725221692781,861.4739994731104,862.8796506283604,41161546
2021-01-13,879.112548828125,895.5040980209848,869.8852636562669,890.3349713085404,26619458
2021-01-14,888.997314453125,891.8539526683576,879.225879879633,881.9237826562116,21553242
2021-01-15,878.5003662109375,894.9825854452455,870.6106693815333,888.9972940596249,20593268
2021-01-18,899.5850219726562,905.5023104311074,872.1071166758358,883.7829581350744,35100458
2021-01-19,914.298828125,920.9188817318542,904.4366615381475,904.4366615381475,32006615
2021-01-20,931.6651611328125,933.1614839760485,907.4972564349495,916.5659251576317,30924537
2021-01-21,951.9335327148438,961.2742166156673,940.869846715687,944.0438358240183,39087742
2021-01-22,929.3527221679688,959.165840987856,922.8006124178714,957.1933717044934,30532660
2021-01-25,880.110107421875,922.7099765082173,876.0292211149126,922.7099765082173,54207104
2021-01-27,859.252197265625,872.8551706594984,856.0782081201552,872.8551706594984,42370131
2021-01-28,850.8864135742188,872.084340959147,847.9164357485394,852.5187439949068,34067814
2021-01-29,835.19775390625,867.4593698333902,829.7792200753853,858.9348503983574,43712383
2021-02-01,859.3883056640625,863.7865428347654,837.9409701152957,843.110096652801,34180952
2021-02-02,873.2179565429688,879.6566667876373,841.0923491274965,867.9808262438378,41470034
2021-02-03,875.4171142578125,885.0978176672972,861.5193971120666,874.3515418529886,30301696
2021-02-04,872.5377807617188,879.656648554206,863.7865225405493,872.4017132446297,25626981
2021-02-05,872.2883911132812,881.7651430554548,870.5880568440388,875.1450294447208,20248046
2021-02-08,884.8485107421875,892.8062122999959,874.6916604980441,876.5053344964492,21183400
2021-02-09,886.9795532226562,902.1468540671391,885.2338830875444,889.6095123241837,19604141
2021-02-10,895.2092895507812,899.9476653520371,873.8980223594517,885.8913333557456,21234156
2021-02-11,932.11865234375,935.9728593397923,894.2798277886045,897.7938959649373,42539278
2021-02-12,925.7252197265625,942.2301071014969,913.8453084946966,932.0279220969353,30497029
2021-02-15,921.6444091796875,934.6578975884943,918.1983447144302,928.6499377082844,15791099
2021-02-16,933.8416748046875,942.8649480322981,922.7325927047402,924.8864053509033,21421660
2021-02-17,944.6106567382812,950.3692089797069,929.8061035808391,934.0683329596526,23742994
2021-02-18,937.5598754882812,956.0145057624479,933.6603325517267,945.4042372455169,18646877
2021-02-19,943.2730712890625,954.4501576444582,931.030412526974,932.7081388605912,23403483
2021-02-22,910.5352783203125,947.6260001116775,904.5727145749872,943.1370313830363,23804335
2021-02-23,917.4955444335938,930.8491120696507,913.0292432704871,928.6272954514131,25644108
2021-02-24,934.5219116210938,936.4489852163127,918.7197882041789,920.46551838717,10807663
2021-02-25,972.3152465820312,975.7839784992644,939.9629033732783,941.3232186199032,34855693
2021-02-26,945.7669067382812,967.576928004242,938.9200542247918,959.9139702500598,37481215
2021-03-01,952.9764404296875,957.6468123803251,935.2019094636117,956.8305872083303,17680764
2021-03-02,954.9261474609375,965.8084897149365,947.263190026968,962.1810822756376,17150760
2021-03-03,998.5009765625,1006.572077071357,955.4703590572257,961.750393670414,31924461
2021-03-04,986.5984497070312,992.9918242849485,978.3686732860034,988.4801874020635,21435754
2021-03-05,987.890625,1002.9672532884404,976.260120871694,977.5977682721734,25511666
2021-03-08,993.5132446289062,1012.0132094952947,983.0389843818929,983.2656636273797,19506841
2021-03-09,993.4905395507812,1003.8061245628406,973.3355758572837,997.5487577867862,15154484
2021-03-10,989.3642578125,1004.3955499162571,984.0591241137868,1000.7227465962088,11519358
2021-03-12,969.2546997070312,1000.4507422731192,963.0426687169551,995.2816157511662,16864952
2021-03-15,956.2411499023438,974.378367439583,943.3636702802955,970.3655452396614,16698099
2021-03-16,952.477783203125,963.9949488326658,950.165294900262,958.5537469717594,13873801
2021-03-17,931.9599609375,953.5659717866566,922.7779520359184,951.321487384943,19210236
2021-03-18,910.9887084960938,945.313461898209,907.3159051912041,939.9175965589106,20647480
2021-03-19,944.0438842773438,950.3239190123003,899.0635245309819,902.7816639429236,41787429
2021-03-22,935.1566772460938,940.4164757744262,921.9165092187884,939.056220273136,18572478
2021-03-23,946.5377197265625,956.6038970524451,932.2546489163942,934.9525516306611,17421165
2021-03-24,928.3097534179688,943.0235744782575,925.181100240172,943.0235744782575,16822814
2021-03-25,902.9857177734375,931.3478510950881,900.0610755416413,931.3478510950881,22001648
2021-03-26,904.4365844726562,913.0744424920392,894.9372254340741,912.3036131657977,20180202
2021-03-30,920.1480102539062,929.0352757477536,903.0309690022071,910.4899154033928,20441701
2021-03-31,908.2681274414062,929.4887232737643,906.40905776399,915.0243084377211,16250796
2021-04-01,916.7699584960938,920.465429845356,908.2907755247039,915.0242884490825,11723312
2021-04-05,903.507080078125,918.1982330976556,889.6774280781696,918.1755651744063,14875099
2021-04-06,899.7435913085938,909.1069426679059,892.8060675079755,908.6761921647392,14009194
2021-04-07,908.15478515625,928.1284651595439,903.8245518752842,906.8625335398098,24266353
2021-04-08,909.2883911132812,916.8380096725809,903.6885139889864,911.8502864734401,15369188
2021-04-09,898.723388671875,909.7417386895142,897.7938238938312,906.159667024016,14037885
2021-04-12,866.5751342773438,889.3600561933767,861.632747207554,888.2718159255257,20901482
2021-04-13,875.9385375976562,879.9287521472845,869.6131669055775,872.4017415275625,19411189
2021-04-15,881.6063842773438,889.1786704861084,867.4139846330557,873.4446120904353,19723716
2021-04-16,876.0745849609375,884.1456861292494,873.5126894782757,878.1150581636493,15656948
2021-04-19,862.2901611328125,868.9556101628922,856.9850274045621,863.3330655330114,18478808
2021-04-20,862.0408935546875,870.1346024372397,857.189177823117,866.28045535031,17203668
2021-04-22,864.42138671875,868.0715224771913,850.9544798546892,858.0053442180699,14490954
2021-04-23,863.4918823242188,870.0892682363567,859.4109960022909,864.2400438171045,11828857
2021-04-26,878.6818237304688,889.6322314145979,866.7339073312086,870.5881145351398,20846778
2021-04-27,901.716064453125,905.592879224886,878.8631384956852,879.6566357896455,19992524
2021-04-28,905.6382446289062,910.4899602170952,897.861946907099,905.8876517747103,17122437
2021-04-29,917.767578125,927.0402589004967,910.1726236848527,917.2460958998795,17412606
2021-04-30,904.36865234375,923.1860285256435,901.2173310194296,910.7166908105166,19828769
2021-05-03,888.2944946289062,897.3404357451366,881.0622873144365,891.4458158814281,23640186
2021-05-04,869.04638671875,892.2621215061423,866.5072191354321,884.1910203527071,21849830
2021-05-05,870.6334228515625,878.976538945821,865.1695531457119,872.1070779189138,12393609
2021-05-06,875.5757446289062,877.3894784194164,864.5119984908221,871.4268548191382,14624666
2021-05-07,875.9158325195312,886.7528395578353,873.3086014127246,878.6364032493998,12288548
2021-05-10,873.3992919921875,882.7399763357812,871.0188000480982,879.2032403073009,13941237
2021-05-11,876.5506591796875,878.9991548596583,866.0536709526697,868.320883202796,13478264
2021-05-12,867.48193359375,876.4372025151902,864.6933592562523,875.167618908404,13177961
2021-05-14,878.4324340820312,880.563518938135,864.2400338075389,874.2381482108096,13291616
2021-05-17,888.8839111328125,890.2895022472771,875.3036065895062,878.4323196410428,11873078
2021-05-18,901.3986206054688,908.0414016691675,894.3930927948095,898.2472994692848,12064918
2021-05-19,905.5248413085938,914.32143492012,894.1664125157001,897.7938200130252,16317002
2021-05-20,900.2423706054688,911.8048706158811,898.2472934944823,905.9102510089941,11422532
2021-05-21,908.018798828125,911.2154560407943,900.5145161905418,903.2350870037179,10785605
2021-05-24,900.355712890625,911.3061190300916,898.700714595752,910.4898938764023,8551760
2021-05-25,890.153564453125,905.5022080454436,888.7252453359569,905.2301329831129,14780102
2021-05-26,893.2822265625,897.5671839561246,891.1284738713696,895.5267109206686,7480204
2021-05-27,896.0255737304688,903.6885320706949,889.7455387788042,893.3956745411289,26819294
2021-05-28,949.8478393554688,954.472815743996,902.3282518740783,902.3282518740783,56469931
2021-05-31,979.5474853515625,993.7852201877816,945.4268031702701,953.1124286476038,59124142
2021-06-01,983.4470825195312,998.4556475299046,973.2901730558312,982.1321030027278,28013832
2021-06-02,998.1155395507812,1001.8563467317178,978.0511883191928,978.0511883191928,24630162
2021-06-03,1001.9243774414062,1020.220331233519,995.7804103170117,1007.0707759680465,23974257
2021-06-04,993.2411499023438,1005.0076615198449,990.4071796454298,1004.2595000884415,14468646
2021-06-07,1009.9727172851562,1016.5928305525485,990.747259262441,998.4556127916534,16336573
2021-06-08,1004.1688842773438,1009.8594330639162,996.7099374722953,1009.6100858849402,9674735
2021-06-09,986.2129516601562,1007.0707400246994,978.4819302316137,1006.1639031267835,11409161
2021-06-10,989.8405151367188,1011.1517839840507,987.3692913998711,994.556163411871,14155653
2021-06-11,1007.0098266601562,1013.7668141971928,991.9716855769274,993.2457554895082,13762778
2021-06-14,1021.4564208984375,1027.530819009634,998.7740423359074,1007.8515792569079,20332436
2021-06-15,1023.7769775390625,1035.106763332947,1019.36334735504,1028.7821487449673,15174215
2021-06-16,1006.3045654296875,1022.434740881434,1003.6882448935254,1021.456501659872,10797349
2021-06-17,1008.1473388671875,1016.9518526581879,991.8806822040291,1001.0264002407747,15745975
2021-06-18,1012.697509765625,1016.9519117351164,993.9055193524756,1012.6292689125116,29369026
2021-06-21,1017.9756469726562,1022.6394940703871,1001.0947614747922,1002.6190479059233,12186448
2021-06-22,1012.7429809570312,1028.7822288722177,1009.8308898725479,1025.5970540271667,12871913
2021-06-23,1003.4607543945312,1024.0499936427696,1001.7999261642769,1023.7770302436452,16653951
2021-06-24,979.8683471679688,1007.669572262773,973.7257080355693,1004.1432535343797,91461975
2021-06-25,957.550048828125,979.8684182931346,946.9255377961272,979.8684182931346,55355022
2021-06-28,949.1550903320312,967.5830690553377,946.8800342020979,965.535542609245,20277042
2021-06-29,949.9740600585938,959.6203313338768,948.2905450727716,950.7475767024226,27144063
2021-06-30,960.37109375,965.8312041148121,951.4528452867432,953.8188890996875,19762858
2021-07-01,954.5924682617188,966.0587361622839,953.2501575281797,963.7154392931002,12534407
2021-07-02,968.7432861328125,970.4951021153942,952.3173409366497,954.1601447164786,14086620
2021-07-05,978.3668823242188,979.8911687487861,969.8581385815543,972.1104477919255,11702287
2021-07-06,966.8095703125,977.775345876362,964.7165499262375,975.9780960314433,10070124
2021-07-07,960.09814453125,968.1518891821571,954.6152867923088,968.1518891821571,10454892
2021-07-08,952.1580810546875,963.2376503194929,946.8799465079013,963.2376503194929,11185460
2021-07-09,942.4209594726562,951.7487141684176,940.1004093189325,950.0651388442453,9037675
2021-07-12,948.2906494140625,956.2078524981569,943.9225124667875,946.3113035101971,8585292
2021-07-13,955.3887329101562,956.9130192420056,950.0877909959721,955.525214607773,6717133
2021-07-14,949.1550903320312,958.6420731903104,946.9937689554591,955.6844881859736,8532544
2021-07-15,947.4943237304688,953.2502049164673,945.7425076403309,953.2502049164673,9448356
2021-07-16,961.1674194335938,962.2367066615387,949.8831264283724,949.951367281346,8828185
2021-07-19,955.0474853515625,966.4455126172754,951.9989126340373,955.525231478772,8354449
2021-07-20,952.7041625976562,959.1653798198789,948.2450982877981,955.2977362314513,6741464
2021-07-22,964.9439697265625,966.4000152300578,954.683470529445,964.1704530749702,7972397
2021-07-23,958.1188354492188,971.2004383163171,956.4580071605648,971.2004383163171,9937030
2021-07-26,944.99169921875,965.0804452589716,942.3753787545852,959.1653356602167,12389668
2021-07-27,935.0496826171875,948.1085383406385,929.1345728588083,944.9689777697635,10824523
2021-07-28,927.0187377929688,936.414732655119,917.4179602018662,936.414732655119,12897848
2021-07-29,934.25341796875,943.8769425785124,929.7715466212894,934.5946824013536,13765738
2021-07-30,926.0859985351562,940.9421040230186,924.1748936428288,936.4147387774315,11350608
2021-08-02,943.012451171875,946.1520117827725,928.7478263645152,934.7312372274596,10925104
2021-08-03,949.9513549804688,951.430147484226,939.2358562430207,950.9751482931742,11817299
2021-08-04,957.2316284179688,961.8954756587327,949.6101358514545,952.9772263092809,13169800
2021-08-05,971.1094360351562,980.4598768953389,957.4590392491626,962.0318984025091,21252078
2021-08-06,950.5429077148438,976.8880893431025,945.8562535112904,969.1528622918455,16620987
2021-08-09,945.128173828125,950.8841149123823,940.2822912594686,946.8799898333923,7494143
2021-08-10,950.0877685546875,961.4403616289129,943.5811181110125,947.3349664779623,11919198
2021-08-11,963.39697265625,964.6254885296094,947.9720727670094,954.1374592617027,9184963
2021-08-12,960.3029174804688,967.4466034758628,957.8003316249841,966.8550623942889,8137612
2021-08-13,976.2965087890625,978.2303606065249,959.5975996548036,963.3969420853272,12780901
2021-08-16,988.9686889648438,1002.3915570002542,968.3338937913883,977.9801660294819,21935444
2021-08-17,984.7597045898438,994.2921805714811,977.2975018360073,986.8527849435737,12658169
2021-08-18,988.5818481445312,995.0202580244994,979.4588769168306,989.1961361505759,10075860
2021-08-20,977.4796142578125,988.2861007519195,972.3607078932538,975.09076320503,9426282
2021-08-23,983.8953247070312,989.1962069315948,970.2221801850279,989.1962069315948,9854395
2021-08-24,993.6098022460938,997.3863978639248,980.8239096504693,985.123805492856,11864472
2021-08-25,1002.20947265625,1010.1267354530132,991.9717199859176,994.3833180171741,13380559
2021-08-26,1014.881591796875,1021.4565439234876,1003.3015280719944,1004.666585861122,18589616
2021-08-27,1013.4937133789062,1020.4782304762028,1008.3293734966592,1017.8618498448702,10480636
2021-08-30,1032.990966796875,1035.5391065503322,1017.7708505413503,1023.7770080256,14027062
2021-08-31,1027.4854736328125,1039.1337183154053,1020.2507393885751,1036.016904489164,26485463
2021-09-01,1031.5577392578125,1043.2970916409213,1029.6922485674477,1034.2423608926047,11145486
2021-09-02,1043.979736328125,1050.0768827059892,1026.0522484508817,1026.0522484508817,9956770
2021-09-03,1086.7962646484375,1089.753849755498,1047.6652497127798,1051.0777738490863,30664428
2021-09-06,1103.6773681640625,1128.4300252290316,1097.4891136321319,1097.9441730557705,33641710
2021-09-07,1110.638916015625,1118.4195769224002,1097.4890117544835,1105.6792381399396,17349882
2021-09-08,1106.29345703125,1116.5995103115172,1095.054658449374,1115.6895119598441,14301651
2021-09-09,1103.6773681640625,1109.2512142438177,1099.354724879374,1104.723848377905,8963249
2021-09-13,1079.083740234375,1107.0441939852174,1077.4912130774987,1107.0441939852174,16311160
2021-09-14,1077.6732177734375,1089.2987144742633,1076.5583765209813,1080.6535496243034,8908356
2021-09-15,1082.1551513671875,1090.09504087413,1077.6960268089388,1077.6960268089388,9071075
2021-09-16,1104.8602294921875,1108.7505599524602,1077.0135078740498,1083.633953919053,13448882
2021-09-17,1087.7288818359375,1117.441211114052,1080.9264609621353,1112.9593400786748,34882133
2021-09-20,1089.4581298828125,1100.3783514488218,1078.3785593037167,1079.3340516110384,11779819
2021-09-21,1094.16748046875,1099.5820973964808,1084.7486779581968,1094.3039621775245,9915736
2021-09-22,1105.90673828125,1111.1392587944545,1091.2325487612284,1095.6689260415033,10995912
2021-09-23,1132.9344482421875,1136.1649964932392,1112.731907489886,1113.596411926489,15748397
2021-09-24,1129.6583251953125,1140.009872555042,1124.7897556991463,1139.1453680882425,15192163
2021-09-27,1148.655029296875,1151.134928281977,1126.2912870102596,1131.6149158288965,15373834
2021-09-28,1159.393310546875,1167.0602357363134,1143.3540640558012,1153.0003348281084,18035258
2021-09-29,1150.2022705078125,1169.380959813766,1146.6531442405346,1169.380959813766,9719875
2021-09-30,1146.2889404296875,1153.273457399079,1137.6892697076169,1148.9053210131074,13590654
2021-10-01,1148.3138427734375,1155.6395643825463,1135.2550471541776,1138.4173546931033,8958928
2021-10-04,1163.078857421875,1171.5875396173383,1154.3880792936034,1161.6455590320454,10918552
2021-10-05,1187.2174072265625,1188.4914771861918,1159.0748554855732,1162.6012346483487,13533634
2021-10-06,1164.762451171875,1192.1086164601513,1160.7811333493105,1192.1086164601513,10258881
2021-10-07,1170.472900390625,1182.4624681330135,1168.334326130549,1180.7560859021983,6336665
2021-10-08,1215.4510498046875,1221.4344612360428,1174.6136499701672,1176.319912141792,15772493
2021-10-11,1206.9876708984375,1237.632749168865,1203.666134554231,1229.1695592932124,14768666
2021-10-12,1213.8809814453125,1220.7972576970285,1201.800425485858,1203.5068077762007,6682011
2021-10-13,1226.2347412109375,1237.405299921744,1214.5636292034492,1218.977260003142,9959762
2021-10-14,1228.7144775390625,1236.47251177523,1222.7083196035724,1228.6917305879201,8623469
2021-10-18,1231.9906005859375,1249.0079672854492,1211.3784935963072,1214.2450907648501,13594479
2021-10-19,1243.0245361328125,1251.8972908980181,1232.1725560059263,1239.3616754056989,8833409
2021-10-20,1228.7144775390625,1247.9842743668398,1224.6649184645307,1247.9842743668398,12710570
2021-10-21,1193.26904296875,1241.2728114223185,1184.487275783306,1240.999848015025,20831669
2021-10-22,1195.49853515625,1212.5615152599457,1188.2638017444342,1192.1313848923699,11027475
2021-10-25,1183.850341796875,1219.4323525860245,1169.3809932455636,1219.4323525860245,17198417
2021-10-26,1210.8096923828125,1214.3815653473446,1184.464511564794,1190.8119938799573,9750178
2021-10-27,1195.49853515625,1217.9761316670556,1192.1086379430944,1206.6918395131022,9896298
2021-10-28,1182.39404296875,1200.298779292571,1178.7085560280439,1192.1313011797695,9886181
2021-10-29,1154.0242919921875,1181.2794715076984,1138.303621720808,1181.2794715076984,14233025
2021-11-01,1154.729736328125,1163.0109514346836,1134.845649078283,1154.0244604038087,15481114
2021-11-02,1137.89404296875,1159.3706543132414,1135.3687704240997,1158.005596587504,10569130
2021-11-03,1130.06787109375,1146.6302984409235,1119.7845647630193,1140.2828162204378,11989430
2021-11-04,1137.0067138671875,1139.7595760808606,1132.9799021702054,1134.3220924997154,1705656
2021-11-08,1138.4173583984375,1146.63033145871,1117.6915164906068,1146.3572476973713,20337183
2021-11-09,1147.40380859375,1150.6798507830363,1131.637644937905,1139.805123815544,15682497
2021-11-10,1160.235107421875,1163.920714976533,1139.1908094185892,1145.1287260147478,10253470
2021-11-11,1162.35107421875,1169.6084350981216,1153.7057882040397,1155.7533749476675,10722478
2021-11-12,1179.8916015625,1182.462488249801,1163.4656563781518,1166.1502778119302,8712341
2021-11-15,1172.929931640625,1184.0322480185664,1169.3808058406628,1183.031141558392,4803269
2021-11-16,1145.6748046875,1171.6559135252794,1135.255016670807,1170.3136027722971,11337581
2021-11-17,1121.149658203125,1137.0523041547756,1119.7846004549367,1137.0523041547756,10202029
2021-11-18,1125.3812255859375,1132.5249718442826,1114.8022082606076,1119.3295736996563,8505625
2021-11-22,1075.5347900390625,1114.3246032878988,1069.7333541956211,1108.4549265855226,24124307
2021-11-23,1085.5904541015625,1092.597718814344,1050.6228528101806,1061.5658216102945,25326999
2021-11-24,1069.915283203125,1096.5334264323562,1066.3434103717225,1082.9285842980569,16820296
2021-11-25,1134.3221435546875,1138.4400635861748,1072.5315589664726,1079.7435455818988,42401936
2021-11-26,1097.761962890625,1127.33768989774,1092.7112978197426,1122.8785658449294,15763138
2021-11-29,1110.9117431640625,1137.530005740277,1091.6192015688714,1109.8197692785918,24325354
2021-11-30,1094.48583984375,1126.5642137673601,1086.9553960411952,1122.9695939867834,32172299
2021-12-01,1122.5147705078125,1125.699825172228,1103.4496957163708,1107.044315866843,10104610
2021-12-02,1129.7265625,1135.800961053092,1120.0575440347766,1123.7431517479451,12720411
2021-12-03,1095.78271484375,1136.8475802217874,1092.028866217897,1136.8020863205188,19222481
2021-12-06,1075.011474609375,1103.4042449873536,1072.5316957069635,1099.3091917377637,10332254
2021-12-07,1083.7703857421875,1093.8488493527543,1073.8284038337267,1081.1768723394634,11235122
2021-12-08,1100.264404296875,1106.498030573748,1094.8952823553839,1102.9945193384742,8744178
2021-12-09,1117.71435546875,1126.1093048249602,1103.404235637729,1107.9543482561612,13213547
2021-12-10,1118.851806640625,1122.0596079618992,1105.8383850496557,1110.343003210938,8364414
2021-12-13,1096.419677734375,1125.7451889893634,1093.8487910647625,1125.4722255996962,12901733
2021-12-14,1082.9967041015625,1094.758801309074,1079.9253848550902,1082.9284632609044,12991523
2021-12-15,1079.8345947265625,1094.3039423247055,1074.3288697386265,1084.7486582787296,9366969
2021-12-16,1093.80322265625,1099.0813569765323,1077.7640971670983,1094.6222331236886,9761279
2021-12-17,1064.932861328125,1095.6689246022736,1055.6277943848347,1091.1415595298965,21049821
2021-12-20,1036.2218017578125,1054.649722259051,1022.4576084103483,1054.649722259051,14325846
2021-12-21,1051.646484375,1067.4581418231853,1042.9785726603923,1051.6919782743073,12836561
2021-12-22,1076.6038818359375,1079.2430094666254,1056.5379426212896,1057.8573860824001,17658543
2021-12-23,1076.2171630859375,1082.9285964305648,1072.9411209146308,1080.1984810516549,9072401
2021-12-24,1079.652587890625,1088.3887407376528,1063.6133400712515,1078.3785179602155,7886494
2021-12-27,1078.4921875,1082.0185663686743,1068.413724480792,1074.5336166000147,4017223
2021-12-28,1091.3009033203125,1094.2357415301187,1079.7663934022717,1080.926608302519,6374613
2021-12-29,1093.16650390625,1100.674201497558,1083.8841830224792,1087.9338625439977,15425312
2021-12-30,1073.4189453125,1094.2812707813944,1067.276305271878,1092.02896140955,29333171
2021-12-31,1077.5367431640625,1084.703115610681,1073.828388538488,1079.7435583793856,9477290
2022-01-03,1093.7806396484375,1095.6462506930534,1075.4437086416906,1076.1034905748938,5421611
2022-01-04,1118.465087890625,1119.7846517979926,1093.848914455948,1099.2636517956478,10847728
2022-01-05,1123.6976318359375,1127.0647821675334,1107.021469888781,1120.2396140596422,11643813
2022-01-06,1099.53662109375,1116.5996031111947,1096.123976548564,1115.3255331004264,14447422
2022-01-07,1108.4093017578125,1118.4422714413886,1097.2842377517782,1106.111498715673,13112115
2022-01-10,1109.3193359375,1117.9646215781718,1099.3318598320666,1115.6895654128748,9246731
2022-01-11,1117.3048095703125,1126.1319502273575,1107.9542483452858,1108.409307707792,16205164
2022-01-12,1147.1307373046875,1148.8826135216357,1121.6045672988503,1124.4711644227355,14800442
2022-01-13,1153.592041015625,1156.1856749337926,1141.3522552982324,1147.19918473575,11856712
2022-01-14,1155.275634765625,1168.1524563628823,1149.292223210376,1153.4556377921065,19930176
2022-01-17,1161.3043212890625,1167.1057561240766,1154.3654186486065,1154.82047798332,8036453
2022-01-18,1147.4493408203125,1165.9000062324892,1144.6964783846606,1162.4419883292344,6215029
2022-01-19,1147.3582763671875,1156.6404758295853,1141.6250823732196,1151.1803655784236,9755485
2022-01-20,1127.26953125,1142.0574560089742,1117.054465620327,1137.5528377304774,16494486
2022-01-21,1127.4515380859375,1138.5538554378697,1115.6895591579548,1115.6895591579548,13338594
2022-01-24,1081.97314453125,1139.6914253053906,1071.5988501296624,1126.1547030087693,21868937
2022-01-25,1079.8572998046875,1086.8644436444313,1048.802657948011,1069.0734401117095,24510205
2022-01-27,1063.863525390625,1072.0537511885557,1051.5554999211186,1062.9080331478985,20020431
2022-01-28,1062.8397216796875,1081.0629157010064,1059.4499449788068,1076.103358864866,14667727
2022-01-31,1085.9317626953125,1094.9409997464795,1072.0993294430996,1073.91944662709,12143683
2022-02-01,1082.3370361328125,1101.4019884840088,1067.958677458383,1095.668914786197,13200509
2022-02-02,1084.5439453125,1095.2139504085303,1080.6991087798986,1095.2139504085303,10017691
2022-02-03,1070.5294189453125,1092.6885576552872,1068.0041465713055,1088.3886622160464,9572839
2022-02-04,1060.76953125,1068.5730594354839,1056.1284310635565,1065.183161923649,11061241
2022-02-07,1054.308349609375,1072.3723159767667,1048.8026250078512,1065.638135750538,10714467
2022-02-08,1072.031005859375,1073.8283759531457,1051.0776952115107,1060.4737500675897,12060849
2022-02-09,1084.521240234375,1086.2047554004216,1072.9184893348381,1078.9017802245178,11486225
2022-02-10,1083.406494140625,1090.0723137940836,1076.1490130370194,1090.0723137940836,12464491
2022-02-11,1081.29052734375,1084.9761347999724,1066.593591416207,1079.857228868873,15943370
2022-02-14,1064.068359375,1071.5305623649283,1052.4427424947037,1064.8418760134352,10719633
2022-02-15,1100.1962890625,1102.903657466319,1062.77153947328,1069.824176996969,11212671
2022-02-16,1097.9212646484375,1107.0442358991004,1090.1860980638264,1105.6791781831728,10392840
2022-02-17,1111.82177734375,1117.0089242641513,1096.5789142269996,1101.1745201113265,12853252
2022-02-18,1103.1312255859375,1117.6915612787002,1101.1973736454247,1112.2314504381943,6775458
2022-02-21,1091.9832763671875,1109.0917498883975,1085.0216268966433,1097.488880416598,11107193
2022-02-22,1087.023681640625,1090.1633625619224,1067.9814753307442,1070.5977356852184,13494914
2022-02-23,1080.2213134765625,1095.0092390254035,1077.468571284383,1092.5294602510214,7310110
2022-02-24,1026.3931884765625,1064.6825598160908,1020.7738499237835,1048.8025425531248,24846650
2022-02-25,1039.224853515625,1050.1450756675365,1035.7212210618118,1037.4729771115954,14570089
2022-02-28,1073.62353515625,1077.1726610969984,1020.5919703644313,1020.5919703644313,21297446
2022-03-02,1091.3692626953125,1092.4841041671061,1059.8141821293812,1062.2029733991815,21471786
2022-03-03,1082.1551513671875,1098.785820478749,1078.4013026500006,1092.0288927878125,10186748
2022-03-04,1058.1531982421875,1075.7848524224223,1055.787154408625,1070.643199306108,10805667
2022-03-07,1019.0223388671875,1052.033463439196,1011.0368344234095,1036.835971312155,17983310
2022-03-08,1017.1792602539062,1021.9569618832056,991.9261157388216,1006.258979918272,21289374
2022-03-09,1071.143798828125,1077.01347494328,1016.565078233395,1017.406956117863,20414228
2022-03-10,1088.50244140625,1094.3038764083778,1073.8283721325647,1092.028820377732,17980493
2022-03-11,1091.64208984375,1097.0340801861346,1081.1313132856126,1081.1313132856126,12257423
2022-03-14,1100.605712890625,1103.1311056498985,1080.1984500463022,1086.06812572994,8340678
2022-03-15,1075.398193359375,1104.7464533796308,1065.1148867530296,1104.7464533796308,15925769
2022-03-16,1093.5531005859375,1095.6234340578644,1081.609026403429,1083.8385885222203,11149828
2022-03-17,1129.2034912109375,1136.3471174672695,1098.8996160284657,1106.9306141386928,21422098
2022-03-21,1122.6966552734375,1130.249846191458,1109.7743416930666,1112.0493977484434,11999466
2022-03-22,1151.703857421875,1153.4328665457272,1116.417676927256,1119.3751418583722,22557065
2022-03-23,1155.366455078125,1167.0375661035232,1147.9953600851836,1147.9953600851836,15462187
2022-03-24,1173.3167724609375,1175.8194185614975,1142.0802732954487,1142.0802732954487,13168266
2022-03-25,1181.1429443359375,1190.3114093068612,1172.5659000566366,1175.0685459381182,14222488
2022-03-28,1193.0189208984375,1196.5679268909805,1176.88868384816,1187.581436439095,9891424
2022-03-29,1193.2918701171875,1200.321761515582,1186.3984604316122,1200.321761515582,8684065
2022-03-30,1216.2244873046875,1223.0724028520565,1190.8120505919683,1201.1863453712592,15811550
2022-03-31,1198.8428955078125,1214.7456618708436,1196.0446595036312,1212.584340487485,13223718
2022-04-01,1208.4437255859375,1212.6753807326781,1193.041632181676,1199.4117414992725,7922880
2022-04-04,1212.0155029296875,1217.157156093152,1201.9825334062043,1208.2616544203254,7929162
2022-04-05,1194.88427734375,1214.8366019261355,1192.4499926471442,1206.2823045318924,13149870
2022-04-06,1191.69921875,1198.7291094168588,1177.1616311168914,1177.1616311168914,12257215
2022-04-07,1170.677734375,1185.7613700217532,1168.015859682402,1180.8016922079776,15496499
2022-04-08,1190.15234375,1194.40674604813,1164.8308932448695,1164.8308932448695,15152495
2022-04-11,1187.67236328125,1200.5719293490686,1175.2959770389286,1183.0311432189874,9254209
2022-04-12,1165.30859375,1184.2143186613282,1162.737706900729,1177.116066491659,13217742
2022-04-13,1161.0313720703125,1179.664132404293,1158.2330158892628,1171.4284128604863,10354235
2022-04-18,1157.4822998046875,1164.7397805103374,1147.4493300930017,1152.545489452205,9974224
2022-04-19,1201.5958251953125,1213.9722131143637,1160.7585471967582,1163.920854944009,26141820
2022-04-20,1236.9273681640625,1244.0028730390352,1205.3722941596611,1209.0124078704498,25072240
2022-04-21,1265.8890380859375,1269.0285988217172,1243.092861615674,1251.6926535659309,21708633
2022-04-22,1255.287109375,1274.943602182277,1248.6439171934,1255.3326032722164,15054154
2022-04-25,1226.2574462890625,1255.1051538112451,1211.9928211860372,1247.825046254362,17063215
2022-04-26,1262.9541015625,1271.7586153913803,1232.0360622414871,1233.0825422871724,12227666
2022-04-27,1264.1826171875,1286.7739479010713,1253.580733766915,1253.9448053007873,19338945
2022-04-28,1283.0657958984375,1297.2394339221792,1267.7090756457555,1278.56117721433,25614076
2022-04-29,1269.5972900390625,1299.5825839676365,1263.7048672221586,1299.5825839676365,18214862
2022-05-02,1265.13818359375,1276.5362108883514,1254.9458650066724,1256.7432351242765,9467006
2022-05-04,1225.64306640625,1269.4835388914837,1217.7486714056079,1267.2084828840266,19247660
2022-05-05,1201.6412353515625,1242.18280014838,1197.591676403661,1239.2252151754037,17210669
2022-05-06,1192.42724609375,1209.8769247815503,1180.0963532492094,1188.582409796725,19649948
2022-05-09,1145.85693359375,1181.7119084475771,1140.7152797472104,1171.6333233310518,18083752
2022-05-10,1125.99560546875,1149.6335411588068,1118.419666517298,1135.2551800182744,19511677
2022-05-11,1114.4609375,1130.6821606199796,1102.0163098457965,1125.0854480941018,16643899
2022-05-12,1091.755859375,1107.8859741719987,1078.378486557952,1104.5416911448524,20490321
2022-05-13,1104.132080078125,1127.5196744148523,1099.0131741208802,1103.8591166926499,19308778
2022-05-16,1104.4051513671875,1128.8847193240686,1099.6047027471154,1107.7039403213957,13437911
2022-05-17,1150.7935791015625,1155.6850157625827,1106.5891549718588,1107.9997065605392,16551828
2022-05-18,1154.979736328125,1169.3808421611643,1141.2839062872033,1155.5712773721964,17276788
2022-05-19,1128.361572265625,1143.2177387581737,1122.0824507846328,1130.2499303127915,14699118
2022-05-20,1194.15625,1203.2337272058603,1138.4400638194588,1143.2176453948912,21793091
2022-05-23,1186.1710205078125,1207.397297299702,1179.8462844678352,1197.364206197713,15252755
2022-05-24,1190.2431640625,1200.3216273375488,1181.984697463416,1186.2163522132455,13527818
2022-05-25,1188.4915771484375,1208.8306025401785,1183.7138745751004,1198.9568604081787,12714544
2022-05-26,1177.1617431640625,1198.911319486633,1159.3707382493358,1194.1336171006558,17882023
2022-05-27,1171.701416015625,1185.3744993862058,1155.7760235250337,1179.8688949887019,16521973
2022-05-30,1212.51611328125,1216.7021540363792,1180.392243237482,1189.8564191042008,13853398
2022-05-31,1197.88720703125,1218.8860090470794,1190.1747884499268,1201.8685245305114,70620653
2022-06-01,1198.2742919921875,1208.1480337988985,1190.402522676765,1198.638243225424,9776989
2022-06-02,1239.58935546875,1243.2977103658052,1198.501741229144,1198.501741229144,22126569
2022-06-03,1264.705810546875,1281.9280190654463,1247.6428306711036,1248.552949338414,23939791
2022-06-06,1259.2684326171875,1280.4037178841604,1252.101940232276,1264.933385678996,11093152
2022-06-07,1261.6346435546875,1269.9840987331656,1252.2159612910536,1260.3378265980741,12358255
2022-06-08,1239.4755859375,1265.3884552322884,1235.949206752914,1261.6346065371608,12479250
2022-06-09,1273.4649658203125,1275.3986973973456,1233.082627965682,1233.082627965682,17278305
2022-06-10,1235.0164794921875,1269.4381532361936,1229.215044054509,1261.24792684013,18093057
2022-06-13,1211.6514892578125,1216.156107684235,1190.4479609930536,1205.7819334162448,17620803
2022-06-14,1195.8170166015625,1215.7238471836963,1189.151077141205,1205.804612494347,14714312
2022-06-15,1181.3477783203125,1200.0032876716657,1175.933161306616,1191.0167974504632,11195535
2022-06-16,1164.8306884765625,1209.8996152953227,1162.1005732041187,1193.4964174203167,17111475
2022-06-17,1178.4810791015625,1194.3382305909047,1163.0562400137392,1164.830742811065,24457187
2022-06-20,1157.1182861328125,1190.81193373047,1147.1306905067754,1185.3062092078612,12066797
2022-06-21,1175.7965087890625,1180.0280429847405,1150.406822198094,1164.83067428948,11720049
2022-06-22,1140.078125,1164.057262227865,1137.985044485591,1163.966274425617,10617206
2022-06-23,1121.581787109375,1148.905326422505,1112.5043100555831,1144.3779613702993,19446323
2022-06-24,1137.552734375,1142.5350381564465,1122.9695334934358,1128.4297638955586,14240234
2022-06-27,1134.1856689453125,1157.9828298757552,1129.1350035879693,1157.9828298757552,15474529
2022-06-28,1150.1339111328125,1152.9777615415514,1129.3854414043199,1129.3854414043199,13572847
2022-06-29,1173.9991455078125,1181.6661910990751,1137.9849487932977,1140.806051842701,19205146
2022-06-30,1181.052001953125,1190.2659611777156,1167.5608938992502,1173.9310028878358,23112959
2022-07-01,1095.9874267578125,1179.3911062938287,1076.103462886294,1171.610445710058,81997149
2022-07-04,1098.262451171875,1111.139270756361,1076.6038647303487,1082.45079365179,41857728
2022-07-05,1107.157958984375,1121.5590649917854,1099.8094906293034,1102.4941121326237,17647327
2022-07-06,1097.4207763671875,1111.1166075291421,1086.5687955560873,1101.1746251311279,23943726
2022-07-07,1086.6142578125,1107.1580039571165,1080.6535938667357,1103.813720771296,23301033
2022-07-08,1088.1158447265625,1100.2191487523794,1084.0889121323955,1100.2191487523794,19010108
2022-07-11,1102.903564453125,1105.1330060215998,1078.378383303484,1081.3359679020425,13847467
2022-07-12,1101.333740234375,1110.0927598985188,1093.8487904297283,1093.8487904297283,10778989
2022-07-13,1081.813720703125,1107.4992384747932,1079.7435076394818,1104.4506658974965,14224132
2022-07-14,1090.73193359375,1107.4764556314449,1081.5407222618398,1086.5686402982146,16970315
2022-07-15,1092.8477783203125,1098.8539355804724,1084.3390956531612,1098.8539355804724,9603210
2022-07-18,1102.1529541015625,1103.4041567519191,1088.5252438187727,1101.584159976362,15160908
2022-07-19,1108.909912109375,1113.4145306244031,1092.1653876854057,1092.1653876854057,16439888
2022-07-20,1138.8951416015625,1156.8681226053911,1131.273708960185,1155.730654624441,23924246
2022-07-21,1131.2962646484375,1137.5300117770723,1122.651100250388,1134.7998965175696,16523230
2022-07-22,1138.9405517578125,1144.9467089844488,1135.254944336538,1137.5300002449842,10969995
2022-07-25,1101.31103515625,1122.7194053701078,1093.3938930172108,1122.7194053701078,23110452
2022-07-26,1101.8116455078125,1112.003964591019,1097.193292295004,1101.629669898458,11303288
2022-07-27,1100.76513671875,1104.3141424256505,1092.938861823789,1101.1063409773997,8655086
2022-07-28,1118.010009765625,1122.9468197968529,1101.5840648849116,1108.409232735442,12496073
2022-07-29,1141.8299560546875,1145.3108414909532,1121.1497270683567,1126.018296934473,15130683
2022-08-01,1171.587646484375,1177.4573222630406,1140.9880650198957,1146.2434528105707,15700044
2022-08-02,1176.0467529296875,1186.580275301345,1165.535977507085,1170.5184018297261,13917913
2022-08-03,1185.9205322265625,1187.5813002703721,1168.220637135406,1183.0311881851292,14250977
2022-08-04,1170.2454833984375,1191.1078085473182,1153.4555848310504,1187.5814291745087,14467127
2022-08-05,1153.0003662109375,1173.384882192994,1149.7925649671015,1172.1109326876474,13942438
2022-08-08,1168.0841064453125,1175.546309977684,1151.6354129424305,1151.6354129424305,10165178
2022-08-10,1175.068603515625,1178.4356336498447,1163.4884798945134,1172.5204636099309,10724688
2022-08-11,1178.981689453125,1187.5358669102814,1174.0220116644236,1184.4418001629217,8198226
2022-08-12,1198.046630859375,1201.845973401522,1174.9321182963517,1178.6176057306407,12650587
2022-08-16,1206.3734130859375,1209.1035287580976,1195.4531911057852,1204.052862906299,6607378
2022-08-17,1212.6754150390625,1218.0217913259337,1208.3072780583839,1212.6071741819499,6595965
2022-08-18,1214.87451171875,1218.3894546289891,1205.24240897424,1214.2810405952932,7410035
2022-08-19,1193.213623046875,1215.0569809988342,1189.1507309375147,1209.7159828214287,9460724
2022-08-22,1189.904052734375,1201.1795211355932,1180.500282384016,1194.6517009933089,9471680
2022-08-23,1208.2552490234375,1211.1768414672938,1182.9424687305054,1184.1522321085429,9678484
2022-08-24,1205.0369873046875,1218.846089361482,1203.0284828486285,1205.1968562417935,10369622
2022-08-25,1201.52197265625,1215.6048071686444,1197.2080472965745,1209.2367351350583,7871946
2022-08-26,1195.1080322265625,1209.715993824914,1190.0866510806784,1201.9554689456972,10742038
2022-08-29,1185.818359375,1211.9984634718257,1176.8710131510943,1180.0436382797463,19838975
2022-08-30,1204.2152099609375,1207.5477042577893,1176.2091689010513,1193.282179919688,23139054
2022-09-01,1168.81396484375,1189.150886984996,1164.385933490136,1178.9710757031155,19909939
2022-09-02,1155.1646728515625,1175.638520959865,1152.9734784565321,1168.8139049237643,12999345
2022-09-05,1173.10498046875,1178.445978943139,1155.3928563937116,1155.3928563937116,11327815
2022-09-06,1185.4532470703125,1189.6302455363334,1174.1093147173583,1174.5658588505653,10899618
2022-09-07,1178.5601806640625,1184.563114237557,1173.1963605855797,1175.478839783805,7488501
2022-09-08,1180.2261962890625,1185.978096162653,1173.6527344300007,1181.5272442598816,7057077
2022-09-09,1172.8768310546875,1191.4561604892992,1170.4573041604863,1191.4561604892992,8314850
2022-09-12,1186.0009765625,1192.3691689901582,1173.447281793324,1173.447281793324,7435419
2022-09-13,1195.906982421875,1200.4491194045427,1187.3477160754526,1195.1081207827935,8888657
2022-09-14,1181.572998046875,1191.4561336808906,1174.451706778856,1175.4787801044877,8678219
2022-09-15,1169.8638916015625,1188.5116835520153,1167.1476896556205,1179.1307346574977,10365600
2022-09-16,1140.8763427734375,1165.4359048168926,1137.133067391258,1161.213264147553,20217708
2022-09-19,1142.3599853515625,1151.6040077939597,1132.7278822878002,1140.876367867208,7580254
2022-09-20,1142.54248046875,1158.4514907194557,1138.8220264150539,1151.4898271317024,8411448
2022-09-21,1145.6923828125,1156.3059159956042,1138.9590517800352,1139.7579133773165,9207309
2022-09-22,1134.896240234375,1142.6110027498532,1128.5053470017444,1134.8505978968233,10308170
2022-09-23,1113.62353515625,1139.3927402184245,1112.0714541784876,1134.394179751921,9528051
2022-09-26,1085.2523193359375,1103.7176650883043,1084.2480670791438,1092.8757978119418,12479523
2022-09-27,1093.8800048828125,1107.4607728213189,1077.3776445528867,1092.8528108642224,16154822
2022-09-28,1064.7554931640625,1085.5489575446488,1062.3132660155625,1077.491757249726,16997059
2022-09-29,1061.4915771484375,1080.7556609643932,1055.8766040342564,1077.3320028920632,14671827
2022-09-30,1085.4349365234375,1096.5048940159172,1054.96372509037,1054.96372509037,18613024
2022-10-03,1081.6688232421875,1103.3294933419215,1078.7015883112226,1091.7117072217247,11852723
2022-10-04,1101.61767578125,1103.808870249341,1091.095426399377,1094.587668996287,8948850
2022-10-06,1105.6802978515625,1118.4165611455717,1103.8771842481965,1108.8302224863316,13352162
2022-10-07,1110.359619140625,1115.6321543527151,1102.2795971833257,1102.2795971833257,7714340
2022-10-10,1098.2396240234375,1103.6262649687026,1090.1139598954956,1097.8743645838504,6329527
2022-10-11,1076.3734130859375,1101.9828714622417,1073.269250949044,1101.9828714622417,9215177
2022-10-12,1084.2935791015625,1087.2379927529598,1069.6171531804475,1073.6800455545388,7417103
2022-10-13,1087.7401123046875,1092.8527780894253,1077.3776122421918,1082.5360411069073,7328492
2022-10-14,1082.2164306640625,1103.0555367494892,1081.4860325836341,1102.4392445024225,9106089
2022-10-17,1099.5863037109375,1101.982888862092,1069.845609321564,1075.0496814411536,16729355
2022-10-18,1118.9873046875,1124.3511243615108,1104.7902440911478,1105.634748048647,12415820
2022-10-19,1138.4569091796875,1153.9550179585947,1114.6277458530562,1120.4709308445554,19247142
2022-10-20,1141.5155029296875,1149.9150215278255,1134.3942113183082,1134.3942113183082,8717053
2022-10-21,1128.2769775390625,1148.9106943491454,1126.177188586748,1144.7565172867282,8243452
2022-10-24,1132.043212890625,1142.3828937322883,1120.8363275575412,1122.9817591091366,3370033
2022-10-25,1114.559326171875,1140.785075413764,1112.9387816840604,1140.785075413764,12233241
2022-10-27,1118.941650390625,1126.8391025996318,1110.5649536618178,1122.0686333408069,12513059
2022-10-28,1153.1790771484375,1157.2190279737692,1122.7306857391648,1125.2641978503823,17609592
2022-10-31,1163.8837890625,1169.065039404331,1155.9406944170403,1159.957944449031,12419943
2022-11-01,1154.867919921875,1186.8910882247426,1144.8935003477782,1186.8910882247426,13963166
2022-11-02,1162.08056640625,1164.1576549471247,1148.0890168960855,1155.986348539346,8981896
2022-11-03,1166.4173583984375,1168.4259835133787,1152.676841200972,1154.8680356681098,6693449
2022-11-04,1183.5816650390625,1186.8912175642852,1164.568612402097,1165.8467186255812,12575815
2022-11-07,1189.904052734375,1191.5931814379082,1175.0223567357784,1182.7827614663586,11789748
2022-11-09,1188.7171630859375,1196.9112902936065,1182.3489707407007,1191.5931131291466,11254205
2022-11-10,1174.337646484375,1185.3163193750859,1170.0008998356418,1182.3262632089597,5966242
2022-11-11,1201.4078369140625,1203.325056528256,1181.413233492101,1186.8911590644095,12310132
2022-11-14,1195.5875244140625,1206.0641314784764,1189.242152687652,1200.9285232071268,9043112
2022-11-15,1190.2236328125,1198.9426470922247,1182.3261805701843,1197.0710698465111,7086433
2022-11-16,1183.3990478515625,1194.1723297469184,1178.3775455967132,1191.4561277313167,9716161
2022-11-17,1186.45751953125,1192.825591205946,1177.7612057960014,1180.020863607493,6661451
2022-11-18,1185.818359375,1190.9996093948082,1173.698388022442,1189.972415409292,5303197
2022-11-21,1164.477294921875,1181.413258441568,1160.9165888885639,1181.413258441568,6390268
2022-11-22,1170.9366455078125,1172.5115476255721,1157.9037056180239,1161.783907991267,6611488
2022-11-23,1167.28466796875,1176.80266503484,1165.0934735308952,1175.4787957552544,6413408
2022-11-24,1177.3504638671875,1184.1522586948402,1163.2446877659072,1171.3703518394527,9389439
2022-11-25,1194.925537109375,1198.2579106358316,1178.7198513447252,1181.8697762735126,7349922
2022-11-28,1235.987548828125,1242.1502306285356,1142.154626734269,1190.9541361505962,31527484
2022-11-29,1238.110107421875,1246.9889910362924,1229.8018737736188,1234.3440108402901,11058913
2022-11-30,1246.85205078125,1253.288707028199,1231.7192011093234,1238.247142030381,26164986
2022-12-01,1243.17724609375,1257.6481612150444,1239.8448724818554,1251.6224067137045,9485801
2022-12-02,1242.6522216796875,1254.4526976676975,1232.8147284105949,1246.235748845341,11589592
2022-12-05,1224.5294189453125,1240.1872774344642,1222.4980932976318,1238.0189040182454,14828536
2022-12-06,1228.067138671875,1231.1713003979203,1214.737403586102,1216.6091015367565,8594245
2022-12-07,1209.9443359375,1230.258436618436,1206.132596960368,1225.693478313524,8462111
2022-12-08,1209.3736572265625,1216.5635327967686,1205.1967796428094,1214.281053698547,7757008
2022-12-09,1191.0452880859375,1214.2809794282305,1187.7356151104486,1207.8899658959556,12655763
2022-12-12,1192.871337890625,1197.3906539089487,1180.0437880026634,1180.272120443367,9479842
2022-12-13,1198.3037109375,1201.9555809304147,1189.9497141999723,1192.8713067918438,8333348
2022-12-14,1193.9669189453125,1204.6717371538757,1191.9126515922892,1204.0782660411908,7268947
2022-12-15,1177.008056640625,1193.7386297598832,1173.6528618480468,1188.0324923462415,8688551
2022-12-16,1171.187744140625,1195.4734533972091,1167.78690686101,1173.6529134607251,15837349
2022-12-19,1186.5716552734375,1188.7172073020977,1171.6898388274747,1178.2177795852808,7729933
2022-12-20,1196.843017578125,1198.7602374146065,1171.3704856304953,1179.541792973625,7467588
2022-12-21,1179.8155517578125,1201.9555872542346,1175.9809916475376,1196.477661489117,8527550
2022-12-22,1176.7569580078125,1189.013856887232,1171.7126347696108,1185.9781586267084,7451122
2022-12-23,1142.245849609375,1182.554553491853,1137.703712598857,1170.137785137051,10257115
2022-12-26,1152.22021484375,1160.414342154975,1137.7721216907048,1147.9748739735228,5990242
2022-12-27,1161.64697265625,1163.518549950611,1148.2031310835503,1154.9364624540497,5763271
2022-12-28,1161.5328369140625,1163.9750640999512,1151.0562304776126,1158.5884232916014,7459393
2022-12-29,1161.0078125,1163.5641454874342,1152.882148696241,1153.566904464591,6930648
2022-12-30,1162.7880859375,1176.3916749175478,1160.0035413220228,1161.829476176333,7289476
2023-01-02,1175.8896484375,1177.3048023328713,1163.244668797144,1164.066351583663,5316175
2023-01-03,1167.28466796875,1174.565828259546,1163.0621480210023,1170.9366586985077,7658932
2023-01-04,1149.7095947265625,1169.1107276232437,1147.6325061253483,1167.2618507099899,9264891
2023-01-05,1147.6553955078125,1157.858149023016,1143.0676158255733,1151.969321148222,13637099
2023-01-06,1158.0863037109375,1163.1306272948216,1149.5955006159752,1153.4072395784428,6349597
2023-01-09,1185.4302978515625,1187.8041821914996,1161.0306065888913,1161.9207528429104,10722753
2023-01-10,1167.9010009765625,1189.6302560157692,1162.240505708343,1189.6302560157692,8047142
2023-01-11,1153.1790771484375,1167.7184566325625,1150.873655990327,1165.2077656913489,11509553
2023-01-12,1128.2769775390625,1156.077627831873,1125.2641003718309,1152.5855061360771,17688773
2023-01-13,1126.451171875,1128.8705782042637,1111.3867843100481,1122.2513519945564,20618583
2023-01-16,1115.723388671875,1131.951774613395,1107.917221092014,1128.7791493112115,13623855
2023-01-17,1131.5638427734375,1133.481062404078,1118.6906511572718,1122.0686670526488,10751000
2023-01-18,1129.692138671875,1137.178689301756,1123.1414974309203,1129.1444306357287,13448286
2023-01-19,1128.4825439453125,1132.6366004638107,1121.4524163802744,1128.8705038207283,11940054
2023-01-20,1115.0615234375,1129.8291140692525,1112.596474928504,1129.8291140692525,14930286
2023-01-23,1109.4237060546875,1125.811961602633,1107.004299933337,1117.960272105855,10954118
2023-01-24,1102.873046875,1115.51790607312,1089.8171651533376,1113.851719292168,16488755
2023-01-25,1087.6259765625,1102.302402806859,1086.461976225218,1101.2753294802073,12385018
2023-01-27,1066.9923095703125,1089.817098907081,1055.260297818003,1088.470529311336,25830975
2023-01-30,1077.218017578125,1082.764407064242,1050.3987961919847,1064.4132886312711,21772103
2023-01-31,1074.5245361328125,1089.9541811505658,1068.6585300710096,1087.3749062182637,22691594
2023-02-01,1068.156494140625,1086.43914786492,1052.2246622437708,1086.43914786492,19347800
2023-02-02,1062.2447509765625,1071.85391093282,1054.9635914721293,1058.1590377354637,13662663
2023-02-03,1063.1806640625,1072.3105805967245,1046.7467660021255,1072.3105805967245,24699575
2023-02-06,1055.1690673828125,1059.528634971871,1052.5899131464937,1056.7896118119152,14837879
2023-02-07,1052.6356201171875,1062.4502927137798,1046.7467924098464,1055.4202857843334,15135435
2023-02-08,1073.6572265625,1077.2863960062462,1053.137736379797,1055.8766387784026,21160332
2023-02-09,1075.52880859375,1082.284961068636,1065.463103759131,1074.341987106508,13172763
2023-02-10,1066.6728515625,1075.0039060071294,1059.6655455942528,1075.0039060071294,10790445
2023-02-13,1060.6014404296875,1072.7670546240697,1056.127767130611,1068.293381324993,10352493
2023-02-14,1085.5946044921875,1087.329254712915,1060.738368480938,1063.6143185684562,14321920
2023-02-15,1110.1768798828125,1112.5735854842064,1083.2664969637603,1084.6358877756606,33503591
2023-02-16,1109.3095703125,1124.7163944448255,1107.0270912647763,1118.1656324865594,17264487
2023-02-17,1113.9429931640625,1117.2754874405753,1100.4306882070916,1104.7217922905263,11809520
2023-02-20,1102.16552734375,1118.3026298698114,1100.2025445254703,1116.13425652598,8836937
2023-02-21,1111.158447265625,1116.9558691842672,1101.22954869757,1106.547846833629,13311592
2023-02-22,1085.9598388671875,1109.2868172204335,1084.2023673241313,1107.4380609994967,11024335
2023-02-23,1080.7557373046875,1093.1953270218976,1077.9483712962124,1085.5490279902117,9851910
2023-02-24,1088.1510009765625,1093.8344379808216,1080.9840672539892,1082.8100022510873,9434053
2023-02-27,1080.91552734375,1090.8672478016565,1073.543202799622,1087.3750050988056,11199715
2023-02-28,1060.2362060546875,1080.5274845520237,1056.1734344203933,1075.5516247048565,21994038
2023-03-01,1069.982421875,1070.712820002187,1060.5557097259696,1070.0280642112666,11551145
2023-03-02,1061.8338623046875,1073.5202315216086,1059.8024162422653,1066.8325430044117,9333535
2023-03-03,1088.927001953125,1092.6018137297042,1068.909698230002,1072.3789987479975,14643807
2023-03-06,1099.5633544921875,1106.8216933590497,1095.5918675399987,1095.5918675399987,10171916
2023-03-08,1103.5120849609375,1104.265304210858,1088.7443751303776,1099.5632986303585,15782657
2023-03-09,1076.9896240234375,1103.3066574341256,1075.095225544964,1102.8958764013148,16235128
2023-03-10,1060.3046875,1070.0280749321848,1056.8124450060086,1068.8868957671646,13334091
2023-03-13,1042.866455078125,1070.027990166369,1038.5297089513685,1063.1805534779228,12771592
2023-03-14,1038.9635009765625,1052.2018311560978,1035.8136967949142,1040.812257084253,16027522
2023-03-15,1021.2056884765625,1049.1660857467195,1016.8004787547293,1042.6839083296516,21728555
2023-03-16,1016.11572265625,1028.9432712307178,1005.2967990221152,1023.9218900002587,18363159
2023-03-17,1014.8377075195312,1028.007574780085,1010.0901194945558,1024.7208434439497,34014213
2023-03-20,1004.8631591796875,1013.4224856028961,995.1625932582816,1011.1400066065017,19524589
2023-03-21,1036.1102294921875,1038.0732119172073,1012.0528577510236,1012.9430039303461,21400360
2023-03-22,1039.26025390625,1046.0392280531037,1036.2473765076484,1043.0948141638403,10920094
2023-03-23,1026.1131591796875,1036.2016854580306,1023.9447859117854,1035.3343603002547,16249370
2023-03-24,1005.7989501953125,1027.117362031003,1003.3795441878093,1024.9489888672188,12375945
2023-03-27,1021.4338989257812,1028.9432703448797,1004.3838307288752,1012.2812223607901,14054323
2023-03-28,1026.2044677734375,1030.0846702786253,1021.1829653124684,1024.8349561252708,12576424
2023-03-29,1020.1329345703125,1024.7435346224438,1009.3595932977563,1022.095796356596,18804065
2023-03-31,1064.116455078125,1069.7770709600845,1029.2629756900762,1029.3999027039445,28171201
2023-04-03,1064.299072265625,1072.3106311531849,1056.7896998650788,1070.4846960590223,10293043
2023-04-05,1061.74267578125,1071.8540232011114,1053.8453439607506,1071.8540232011114,16262928
2023-04-06,1068.8638916015625,1074.592970502133,1058.2275373074351,1058.2275373074351,18435046
2023-04-10,1061.2861328125,1072.9496819536614,1059.779694186431,1072.7671126043012,12961408
2023-04-11,1066.5357666015625,1068.6584973689567,1060.920914302666,1065.4630510078462,10542367
2023-04-12,1071.23779296875,1080.8925957399235,1063.6599579243734,1066.5357872569193,18179087
2023-04-13,1075.27783203125,1079.9797173840186,1069.1151503508545,1074.1365320735108,12378208
2023-04-17,1080.73291015625,1106.9814803229494,1072.333391852291,1106.9814803229494,17929479
2023-04-18,1068.36181640625,1085.0923881243807,1061.8110548039576,1085.0923881243807,10405576
2023-04-19,1073.6800537109375,1076.3733137885806,1064.64142217666,1067.768405195298,12273475
2023-04-20,1070.9638671875,1076.8755157885284,1064.595795217696,1074.638679040759,7007330
2023-04-21,1072.310546875,1077.7884724738815,1066.5586465106753,1073.0637661728558,7647317
2023-04-24,1076.4190673828125,1086.8727319946267,1071.8539885727766,1084.1794719407253,12936186
2023-04-25,1084.65869140625,1086.7357798786459,1072.9952636709509,1080.0709122812248,9236126
2023-04-26,1078.2906494140625,1089.2466212621475,1074.6158376300252,1086.0054116702795,8617834
2023-04-27,1085.115234375,1088.2878596252956,1079.1579437194785,1084.1794457664448,9167125
2023-04-28,1104.9500732421875,1106.5022750107378,1087.2608896802224,1087.374995527852,15565210
2023-05-02,1114.3310546875,1116.4994278601828,1108.4194062766874,1112.1170391794083,12981805
2023-05-03,1104.7674560546875,1116.1342091904096,1101.549188303151,1116.1342091904096,7061872
2023-05-04,1117.503662109375,1119.717677582049,1102.2567073883076,1105.2467632974385,8635233
2023-05-05,1114.650634765625,1123.5979821409157,1112.0258380416835,1114.3083172243437,8746585
2023-05-08,1128.4140625,1133.7778823916174,1115.746261129747,1118.4167001177036,9153782
2023-05-09,1131.9061279296875,1135.2158009724574,1124.4652198090143,1129.8290394334551,6464721
2023-05-10,1139.6895751953125,1141.173192717246,1132.659447469911,1136.6766978121202,10872255
2023-05-11,1132.2486572265625,1145.578272899187,1130.536707274967,1140.7622816578707,10557860
2023-05-12,1134.097412109375,1135.4897449397138,1121.3839680276494,1127.4553650769165,6955341
2023-05-15,1136.334228515625,1143.318592964205,1128.9846046154787,1136.6310244600713,6833343
2023-05-16,1120.1513671875,1141.058816015231,1118.4850597805391,1138.5024831085086,8717229
2023-05-17,1113.5321044921875,1125.2639949628326,1108.8302198375738,1124.3510275803587,8798967
2023-05-18,1111.1356201171875,1121.6122266625744,1107.9856952056505,1118.2112689036005,10525531
2023-05-19,1114.7418212890625,1116.5678769225615,1104.1967514891073,1111.1355938507186,8050447
2023-05-22,1120.6990966796875,1125.720598669704,1110.3595382742935,1111.5691808774143,7434906
2023-05-23,1120.4937744140625,1126.6336347127256,1119.0786204739588,1123.2784399572938,6092034
2023-05-24,1113.9658203125,1124.8076864197674,1110.861658447196,1116.545095308795,8112254
2023-05-25,1113.8289794921875,1117.9603357408223,1102.9187697829475,1111.0672556833676,11487863
2023-05-26,1144.2088623046875,1145.3500415058625,1118.7591533794464,1122.0687058844728,12626260
2023-05-29,1150.645263671875,1154.9363674405995,1144.5282250956022,1150.8278330032474,10010304
2023-05-30,1150.3487548828125,1158.451598350407,1147.7923008862115,1150.6454300892005,11342504
2023-05-31,1127.5008544921875,1145.7379850828543,1123.438083146388,1141.2414908293927,27107927
2023-06-01,1124.46533203125,1134.34858906371,1122.068746948841,1132.1802156805027,14592692
2023-06-02,1120.79052734375,1133.4126870908076,1118.8733075639293,1128.0032245554776,15800644
2023-06-05,1130.8563232421875,1133.8235582589482,1122.274114564264,1126.268543700321,10908682
2023-06-06,1131.8148193359375,1135.6265579862757,1123.8946668621782,1133.6865172838243,7493309
2023-06-07,1140.39697265625,1141.241476547739,1128.7334248440704,1135.3070073943356,10312545
2023-06-08,1141.0816650390625,1148.9334747780272,1137.1329993758209,1143.9804362633743,12071109
2023-06-09,1133.0018310546875,1145.1446246797914,1131.1985964976163,1144.4370477074842,5877018
2023-06-12,1134.006103515625,1136.311403822295,1125.2641468372988,1130.0574375493186,6391969
2023-06-13,1150.7593994140625,1151.946341592658,1134.9646161546627,1138.9590448637286,11248016
2023-06-14,1164.910888671875,1166.3488637759137,1149.0019986007082,1150.827933567815,13277380
2023-06-15,1165.23046875,1169.7954267696327,1157.4471223513988,1164.888030487722,11813494
2023-06-16,1176.574462890625,1178.856942021871,1168.72265257123,1168.72265257123,24171579
2023-06-19,1164.8880615234375,1179.5873088461865,1160.7111839901809,1179.5873088461865,6798554
2023-06-20,1167.3074951171875,1170.457299404325,1157.2189687814275,1162.9480481347903,6921096
2023-06-21,1170.59423828125,1173.127750027222,1163.1533304634168,1167.2617442064677,6961603
2023-06-22,1157.4471435546875,1174.702723824018,1155.8494202932393,1166.8053921892115,7619166
2023-06-23,1147.9749755859375,1156.4885999942844,1146.7195697742059,1154.4343325060674,6628570
2023-06-26,1139.2100830078125,1148.2715353178476,1136.0831001245695,1144.436975506937,12641159
2023-06-27,1139.62109375,1145.578264166708,1135.1474200849475,1139.666736088607,9689466
2023-06-28,1154.708251953125,1158.519990797568,1140.2600374666351,1147.1760589375283,11354006
2023-06-30,1164.180419921875,1167.1020122895738,1156.5113003301233,1162.4229485666156,11151555
2023-07-03,1194.0582275390625,1196.9341777415286,1166.5086096788432,1167.741194264735,12154387
2023-07-04,1181.755615234375,1198.3036177471888,1174.6798459927943,1198.3036177471888,8061643
2023-07-05,1179.8155517578125,1190.9997357239995,1175.8440646341217,1190.9997357239995,10248062
2023-07-06,1204.5804443359375,1207.1824197013011,1175.958111582341,1175.958111582341,19117987
2023-07-07,1202.2294921875,1216.5406584496827,1199.6730384312104,1202.8686056265724,13375267
2023-07-10,1248.5411376953125,1258.1047776229054,1221.128565671655,1227.4738168988026,33240016
2023-07-11,1262.076171875,1264.4955779542368,1249.705166712445,1256.6895309307056,20069348
2023-07-12,1263.468505859375,1279.103541836806,1260.683840337917,1262.806571231475,18733835
2023-07-13,1252.170166015625,1277.7339788902639,1249.545369524751,1270.8408996155135,14682934
2023-07-14,1251.120361328125,1260.341562579208,1243.9989491216202,1255.3657025022662,15124144
2023-07-17,1276.68408203125,1285.0607786645128,1245.3227267228626,1253.9962192785829,22220040
2023-07-18,1287.52587890625,1295.286283587151,1274.995004828538,1285.9509768018002,25867313
2023-07-19,1297.294921875,1303.7543992835303,1276.8210735612868,1291.8854597114334,39122156
2023-07-20,1295.7237548828125,1301.2135132047797,1276.0147195399904,1276.0147195399904,38717624
2023-07-21,1255.6134033203125,1293.2755748788927,1248.1205739980844,1290.3576048302098,30249238
2023-07-24,1230.216796875,1243.8424839995957,1221.2649818512405,1227.0515368964086,23727866
2023-07-25,1229.425537109375,1239.0203294862108,1226.5569523456327,1233.4810641733905,12026020
2023-07-26,1249.4063720703125,1259.6936470475673,1229.029726310642,1229.029726310642,12911012
2023-07-27,1237.7838134765625,1255.06933898356,1231.6758304667376,1253.2889256301971,17226898
2023-07-28,1250.22265625,1257.6413476752305,1236.7206137066948,1242.4082771327046,20827852
2023-07-31,1260.8065185546875,1263.1062644351005,1245.3261593927457,1250.222567835286,8551174
2023-08-01,1242.9769287109375,1265.6286894674379,1239.0697997346808,1263.6503718598296,9536632
2023-08-02,1229.6976318359375,1242.383546099848,1218.4459496409647,1240.9986995264646,12748214
2023-08-03,1224.5291748046875,1236.8936606795558,1215.7010043381908,1224.23249959185,10168350
2023-08-04,1241.171630859375,1244.3616435147105,1222.4023686926273,1235.8549028515122,22885610
2023-08-07,1248.2442626953125,1250.4945023600335,1238.92139273861,1246.8346631113916,5982870
2023-08-08,1240.7265625,1253.4867351589849,1236.2259624118224,1250.2967221809695,9844072
2023-08-09,1248.911865234375,1250.7912910864598,1227.1009863432985,1238.8472469851743,11486586
2023-08-10,1254.4759521484375,1261.1775274732204,1240.627728317359,1248.7882887892447,15470598
2023-08-11,1259.767822265625,1265.5544976220099,1242.5565564009414,1252.4975295128647,22179330
2023-08-14,1274.65478515625,1277.1524353275731,1248.8130109688743,1255.7371227128601,9575812
2023-08-16,1273.6162109375,1277.3998161442023,1261.6721656259772,1261.6721656259772,10203112
2023-08-17,1255.242431640625,1275.0751125275667,1252.6953962030047,1269.6347394983914,13673744
2023-08-18,1264.5406494140625,1274.827925208279,1240.6771930744892,1251.9041214413387,18639978
2023-08-21,1250.74267578125,1268.3374245054665,1248.5836072167706,1260.6443643964944,9221746
2023-08-22,1250.44482421875,1259.6517042081298,1240.319812990251,1249.204008079304,7713044
2023-08-23,1251.8345947265625,1262.0838090060652,1249.2288807667073,1252.8272476636503,9517952
2023-08-24,1230.7904052734375,1260.6195534341234,1226.4227081001463,1260.6195534341234,14140020
2023-08-25,1225.1075439453125,1243.2978613921046,1212.3271367872899,1218.9778633049934,22222400
2023-08-28,1212.897705078125,1232.87484375,1206.6192242506277,1226.9189266304347,12580826
2023-08-29,1201.2838134765625,1217.7121468384466,1195.2285336373561,1217.0173382536789,16876644
2023-08-30,1200.142333984375,1212.525656094156,1198.628513903965,1207.066064519438,12168946
2023-08-31,1194.6578369140625,1203.5917135507277,1191.133870437995,1202.5990605910981,21638600
2023-09-01,1197.4619140625,1203.9141576589248,1192.0023233270636,1194.4343955405523,18112842
2023-09-04,1196.494140625,1202.921543874001,1193.8140262826475,1197.4619529612135,9347626
2023-09-05,1202.89697265625,1208.033879307401,1197.362859390741,1201.1101487589585,8675876
2023-09-06,1205.4281005859375,1209.125708635972,1199.745186611218,1201.6560920331103,8200370
2023-09-07,1207.06591796875,1210.1679582595825,1196.6430625915527,1201.9537313347682,13652572
2023-09-08,1215.1064453125,1218.9778160313297,1202.5742018862823,1211.0365924741222,23109288
2023-09-11,1228.20947265625,1229.326207160582,1216.9924464989115,1216.9924464989115,13271074
2023-09-12,1210.4658203125,1232.3785847782628,1209.026400892418,1232.3785847782628,16255666
2023-09-13,1216.52099609375,1222.2783103355039,1204.2120756300537,1211.0365644667,12803338
2023-09-14,1217.6376953125,1223.8417758931353,1213.5181615722684,1220.9630582690309,9209636
2023-09-15,1219.89599609375,1224.9336610195687,1215.7516218263509,1224.9336610195687,25468592
2023-09-18,1209.274658203125,1216.4962329024152,1207.0908701058952,1211.061482045193,7516300
2023-09-20,1182.3240966796875,1204.882232531632,1168.8488809798134,1202.623922773179,57081884
2023-09-21,1173.7127685546875,1186.269851496792,1171.3303774506073,1178.7504333612094,12226182
2023-09-22,1168.823974609375,1182.4729522811776,1166.367182863141,1179.2716708437545,19176786
2023-09-25,1161.6273193359375,1171.6779308453931,1158.9720452955405,1166.5657437194718,14254884
2023-09-26,1162.644775390625,1166.4664650387544,1159.2201711598175,1160.684310036077,10087782
2023-09-27,1175.747802734375,1177.1872222950064,1160.6595255350553,1163.1411580463555,11722778
2023-09-28,1158.4757080078125,1182.7460248832851,1153.959088482433,1182.7460248832851,14518346
2023-09-29,1163.8856201171875,1175.847137006539,1158.475709840611,1162.2973995824232,12342014
2023-10-03,1150.5592041015625,1159.2201982891547,1149.4921506176527,1156.4158809171215,8859056
2023-10-04,1148.5738525390625,1150.981084388904,1139.1189302205564,1146.0178196869251,10286386
2023-10-05,1148.5491943359375,1156.1428927957072,1146.017880733707,1151.1052273242312,10953682
2023-10-06,1150.4847412109375,1153.8597853939605,1147.5316229908371,1150.0132553057874,5431026
2023-10-09,1140.6822509765625,1147.4818990309532,1139.0691900320726,1145.5711149238573,7576878
2023-10-10,1145.719970703125,1150.435072150941,1143.4121010954177,1144.8018394410437,10236032
2023-10-11,1163.910400390625,1166.2182699823193,1148.0031129607796,1148.7227620999727,9814118
2023-10-12,1166.0693359375,1171.0078811502246,1160.485663265934,1163.3148210249558,12554450
2023-10-13,1166.019775390625,1170.0896281233202,1156.0187245288932,1161.4039150831682,10150316
2023-10-16,1163.4140625,1168.6254903286665,1159.4186102633319,1163.885548402189,5929036
2023-10-17,1168.972900390625,1171.18152891328,1162.0491704758838,1169.3451452373686,7928180
2023-10-18,1153.4627685546875,1174.8048077319042,1151.9737890772074,1168.9729714451066,8918320
2023-10-19,1144.603271484375,1152.37085365543,1142.0472385636656,1147.5068298823098,12032556
2023-10-20,1141.104248046875,1148.846868358942,1139.7145096810816,1141.5508934053469,8913312
2023-10-23,1123.2860107421875,1144.6528889030683,1119.340239652529,1136.5875839948083,7853962
2023-10-25,1120.680419921875,1132.2200112886635,1113.2603628260954,1116.7594889591046,11620688
2023-10-26,1105.07080078125,1120.7050833883056,1101.993601137725,1117.2307983645155,15222534
2023-10-27,1124.5765380859375,1128.3982276638756,1109.761144511754,1111.7712909465938,11771084
2023-10-30,1147.7550048828125,1153.9590859902871,1126.6362885582769,1128.6464350717906,16813304
2023-10-31,1135.5452880859375,1155.4480281047179,1133.0636557231696,1155.4480281047179,12808438
2023-11-01,1140.2603759765625,1150.236586425296,1129.2419526519689,1136.1656826268284,10309190
2023-11-02,1151.57666015625,1153.6116471680004,1145.4966608528325,1148.4746196953226,10562104
2023-11-03,1151.3284912109375,1158.897469898072,1149.3680258840427,1155.0509397455937,8850156
2023-11-06,1160.9075927734375,1161.4039192346488,1154.256866662586,1157.5822297180116,10647304
2023-11-07,1153.3634033203125,1160.9572220726066,1151.2540159543112,1158.4507493206686,6960204
2023-11-08,1159.3690185546875,1161.9003321646271,1152.3460470752768,1157.4333936812945,7884494
2023-11-09,1146.787109375,1159.3689122452765,1143.6353879313751,1159.344192861405,14513610
2023-11-10,1148.9461669921875,1149.6659373563402,1140.5831381668131,1144.3055869187945,7734954
2023-11-13,1148.79736328125,1153.7606282722284,1147.3579437297892,1152.9167762849927,3854810
2023-11-15,1169.5684814453125,1172.2982770196893,1154.9516911953863,1161.4039352802765,12220648
2023-11-16,1171.6778564453125,1178.3534231349859,1164.8533675821152,1166.9131951067154,13134910
2023-11-17,1169.121826171875,1177.9067803474445,1167.3846835483773,1167.8064883385834,7758634
2023-11-20,1166.0445556640625,1170.5362129509904,1159.61703140789,1165.6474702823514,4490186
2023-11-21,1180.7109375,1185.227556641674,1171.4296571663483,1174.3083747965666,8214450
2023-11-22,1185.3267822265625,1188.4288224829827,1177.3855591701267,1178.7752974396924,8534814
2023-11-23,1188.9500732421875,1191.1835423841578,1185.3268657327444,1185.3268657327444,8531542
2023-11-24,1188.1558837890625,1192.474021001291,1186.7414260587238,1187.0144298509326,6749486
2023-11-28,1188.404052734375,1191.034607263244,1178.899449291774,1188.1558894990753,13792174
2023-11-29,1191.5308837890625,1197.1145563492605,1190.2156671664848,1195.1540911072586,12531306
2023-11-30,1179.9913330078125,1191.530923348677,1176.2440439527552,1188.5529645510346,28439984
2023-12-01,1188.3544921875,1189.3967050711567,1180.0658643673892,1180.2643464861462,14342842
2023-12-04,1201.2093505859375,1215.9999042684663,1190.4887710727894,1215.9999042684663,15590990
2023-12-05,1209.919921875,1211.4585824899339,1201.929016778731,1210.5403299982054,12693624
2023-12-06,1221.5091552734375,1227.3905513904704,1208.5549856031337,1214.560584514323,16422442
2023-12-07,1219.4989013671875,1221.4345260102064,1212.0291642243994,1220.9630401277734,8142096
2023-12-08,1218.8536376953125,1229.2516522307412,1213.5181285411948,1222.8739302715144,10204894
2023-12-11,1220.6405029296875,1224.7351961410227,1217.1909371644088,1218.9777608532804,7066138
2023-12-12,1203.1201171875,1223.4198198791,1201.1843713898427,1220.9630282642331,9197124
2023-12-13,1208.03369140625,1210.2176004047437,1194.3103140708777,1202.102614795848,10031182
2023-12-14,1223.0228271484375,1228.3831772791464,1212.3518080035872,1217.9851619285064,16972354
2023-12-15,1238.63232421875,1240.8161121066785,1225.9511593183302,1229.8969303201395,15932152
2023-12-18,1251.239013671875,1258.1379030406688,1236.3243792186838,1238.6323699765335,14165188
2023-12-19,1269.6527099609375,1277.4945707453207,1253.3234974409622,1268.1140495332209,16820604
2023-12-20,1254.2913818359375,1289.8780864366483,1250.7426960684581,1276.080186427869,17736722
2023-12-21,1271.8614501953125,1277.2962009364337,1249.8741628164655,1254.2170195322976,13765454
2023-12-22,1273.102294921875,1280.9689971307214,1264.4661412408368,1270.3973397701047,16541784
2023-12-26,1279.554443359375,1286.453332624264,1271.935783794956,1274.5663382448713,7465664
2023-12-27,1283.9222412109375,1290.3992050276352,1277.0977519092014,1281.5150092423955,9204156
2023-12-28,1293.2034912109375,1296.4047727896045,1283.922210219302,1285.38634910855,12302636
2023-12-29,1282.97900390625,1297.3973111899322,1280.1748079960485,1295.958012986606,10864584
